prefix, first_name, middle, last_name, suffix, phone_number, phone_extensionMr., , , , , , 
Winfield, , , , , , 
Jovanny, , , , , , 
Jacinthe, , , , , , 
Chandler, , , , , , 
Garnett, , , , , , 
Cortney, , , , , , 
Maximilian, , , , , , 
Misty, , , , , , 
Wilhelm, , , , , , 
Tamara, , , , , , 
Antwan, , , , , , 
Miss, , , , , , 
Eloisa, , , , , , 
Francisca, , , , , , 
Mr., , , , , , 
Ms., , , , , , 
Brad, , , , , , 
Mr., , , , , , 
Desiree, , , , , , 
Georgiana, , , , , , 
Ms., , , , , , 
Miss, , , , , , 
Florencio, , , , , , 
Mrs., , , , , , 
Miss, , , , , , 
Florian, , , , , , 
Bill, , , , , , 
Rod, , , , , , 
Tanner, , , , , , 
Miss, , , , , , 
Ms., , , , , , 
Mr., , , , , , 
Brannon, , , , , , 
Kobe, , , , , , 
Mrs., , , , , , 
Nolan, , , , , , 
Destinee, , , , , , 
Ms., , , , , , 
Micaela, , , , , , 
Kristopher, , , , , , 
Mr., , , , , , 
Dr., , , , , , 
Rashad, , , , , , 
Ms., , , , , , 
Mr., , , , , , 
Maryam, , , , , , 
Dorris, , , , , , 
Brittany, , , , , , 
Ms., , , , , , 
Felton, , , , , , 
Cristal, , , , , , 
Kurt, , , , , , 
Ms., , , , , , 
Dasia, , , , , , 
Hobart, , , , , , 
Madie, , , , , , 
Kyra, , , , , , 
Breanna, , , , , , 
Mrs., , , , , , 
Ms., , , , , , 
Demarco, , , , , , 
Brandy, , , , , , 
Lily, , , , , , 
Jonatan, , , , , , 
Dr., , , , , , 
Alexys, , , , , , 
Mr., , , , , , 
Mrs., , , , , , 
Hayley, , , , , , 
Mr., , , , , , 
Nya, , , , , , 
Jaida, , , , , , 
Jordi, , , , , , 
Shea, , , , , , 
Herminio, , , , , , 
Miss, , , , , , 
Miss, , , , , , 
Miss, , , , , , 
Ahmed, , , , , , 
Mr., , , , , , 
Hope, , , , , , 
Carmelo, , , , , , 
Dr., , , , , , 
Marcus, , , , , , 
Sidney, , , , , , 
Mr., , , , , , 
Dr., , , , , , 
Bessie, , , , , , 
Lyla, , , , , , 
Antonette, , , , , , 
Abraham, , , , , , 
Ms., , , , , , 
Kurtis, , , , , , 
Maureen, , , , , , 
Gussie, , , , , , 
Tillman, , , , , , 
Beau, , , , , , 
Mia, , , , , , 
Mr., , , , , , 
Maci, , , , , , 
Miss, , , , , , 
Roscoe, , , , , , 
Darrell, , , , , , 
Imani, , , , , , 
Elliot, , , , , , 
Ms., , , , , , 
Harold, , , , , , 
Miss, , , , , , 
Abbigail, , , , , , 
Hayley, , , , , , 
Chanelle, , , , , , 
Mrs., , , , , , 
Mrs., , , , , , 
Cesar, , , , , , 
Ashleigh, , , , , , 
Ebba, , , , , , 
Shawna, , , , , , 
Vivienne, , , , , , 
Vanessa, , , , , , 
Ruth, , , , , , 
Alene, , , , , , 
Ms., , , , , , 
Dr., , , , , , 
Jeramie, , , , , , 
Taylor, , , , , , 
Gennaro, , , , , , 
Mr., , , , , , 
Maribel, , , , , , 
Mrs., , , , , , 
Elissa, , , , , , 
Luigi, , , , , , 
Ms., , , , , , 
Maximillia, , , , , , 
Stephon, , , , , , 
Miss, , , , , , 
Darren, , , , , , 
Harmony, , , , , , 
Meagan, , , , , , 
Mr., , , , , , 
Loyal, , , , , , 
Miss, , , , , , 
Chet, , , , , , 
Kaitlin, , , , , , 
Demond, , , , , , 
Donato, , , , , , 
Keegan, , , , , , 
Francesco, , , , , , 
Rosamond, , , , , , 
Leonor, , , , , , 
Ardella, , , , , , 
Ms., , , , , , 
Nelda, , , , , , 
Isaiah, , , , , , 
Mrs., , , , , , 
Mrs., , , , , , 
Newton, , , , , , 
Mr., , , , , , 
Waylon, , , , , , 
Carolyne, , , , , , 
Keanu, , , , , , 
Ansley, , , , , , 
Avis, , , , , , 
Miss, , , , , , 
Arvilla, , , , , , 
Humberto, , , , , , 
Estevan, , , , , , 
Ms., , , , , , 
Nils, , , , , , 
Dr., , , , , , 
Miss, , , , , , 
Ava, , , , , , 
Minerva, , , , , , 
Dr., , , , , , 
Mr., , , , , , 
Okey, , , , , , 
Mrs., , , , , , 
Alfredo, , , , , , 
Miss, , , , , , 
Stephen, , , , , , 
Ms., , , , , , 
Kaci, , , , , , 
Camila, , , , , , 
Luz, , , , , , 
Clare, , , , , , 
Viola, , , , , , 
Angelina, , , , , , 
Anita, , , , , , 
Gianni, , , , , , 
Virgil, , , , , , 
Mr., , , , , , 
Dejah, , , , , , 
Mrs., , , , , , 
Margret, , , , , , 
Eden, , , , , , 
Mr., , , , , , 
Queenie, , , , , , 
Mrs., , , , , , 
Miss, , , , , , 
Ms., , , , , , 
Jaime, , , , , , 
Raymond, , , , , , 
Kian, , , , , , 
May, , , , , , 
Walton, , , , , , 
Ms., , , , , , 
Noe, , , , , , 
Miss, , , , , , 
Carlee, , , , , , 
Baylee, , , , , , 
Delphine, , , , , , 
Tracy, , , , , , 
Miss, , , , , , 
Mrs., , , , , , 
Dr., , , , , , 
Creola, , , , , , 
Miss, , , , , , 
Cornelius, , , , , , 
Pedro, , , , , , 
Guy, , , , , , 
Antone, , , , , , 
Edwin, , , , , , 
Sabrina, , , , , , 
Eric, , , , , , 
Effie, , , , , , 
Mrs., , , , , , 
Amina, , , , , , 
Raphaelle, , , , , , 
Miss, , , , , , 
Mr., , , , , , 
Mr., , , , , , 
Justine, , , , , , 
Mack, , , , , , 
Deron, , , , , , 
Damaris, , , , , , 
Dr., , , , , , 
Ms., , , , , , 
Dr., , , , , , 
Alexandre, , , , , , 
Dr., , , , , , 
Mabelle, , , , , , 
Angelina, , , , , , 
Miss, , , , , , 
Mr., , , , , , 
Alden, , , , , , 
Ms., , , , , , 
Okey, , , , , , 
Dr., , , , , , 
Jodie, , , , , , 
Talia, , , , , , 
Mr., , , , , , 
Orlo, , , , , , 
Evelyn, , , , , , 
Amelie, , , , , , 
Jennifer, , , , , , 
Darby, , , , , , 
Annette, , , , , , 
Gaston, , , , , , 
Nathan, , , , , , 
Miss, , , , , , 
Nicholas, , , , , , 
Thora, , , , , , 
Dr., , , , , , 
Arnoldo, , , , , , 
Sarah, , , , , , 
Korey, , , , , , 
Miss, , , , , , 
Addison, , , , , , 
Quinn, , , , , , 
Owen, , , , , , 
Mustafa, , , , , , 
Hans, , , , , , 
Miss, , , , , , 
Janie, , , , , , 
Mr., , , , , , 
Olin, , , , , , 
Camilla, , , , , , 
Glenda, , , , , , 
Kelsie, , , , , , 
Thalia, , , , , , 
Zoe, , , , , , 
Karley, , , , , , 
Melvin, , , , , , 
Valentine, , , , , , 
Makenna, , , , , , 
Marcel, , , , , , 
Alexanne, , , , , , 
Marilyne, , , , , , 
Mrs., , , , , , 
Nels, , , , , , 
Mrs., , , , , , 
Wallace, , , , , , 
Pearline, , , , , , 
Ubaldo, , , , , , 
Cesar, , , , , , 
Margot, , , , , , 
Tamia, , , , , , 
Monserrat, , , , , , 
Mrs., , , , , , 
Hal, , , , , , 
Eveline, , , , , , 
Columbus, , , , , , 
Eudora, , , , , , 
Ms., , , , , , 
Vinnie, , , , , , 
Miss, , , , , , 
Ms., , , , , , 
Miss, , , , , , 
Miss, , , , , , 
Mrs., , , , , , 
Antonette, , , , , , 
Mr., , , , , , 
Estel, , , , , , 
Dr., , , , , , 
Alexandre, , , , , , 
Nasir, , , , , , 
Marlin, , , , , , 
Oda, , , , , , 
Jodie, , , , , , 
Lorenz, , , , , , 
Abdiel, , , , , , 
Maci, , , , , , 
Damion, , , , , , 
Beau, , , , , , 
Domenic, , , , , , 
Carolyn, , , , , , 
Talon, , , , , , 
Francesca, , , , , , 
Trever, , , , , , 
Lavon, , , , , , 
Ms., , , , , , 
Jude, , , , , , 
Tracy, , , , , , 
Amalia, , , , , , 
Jermey, , , , , , 
Mr., , , , , , 
Mrs., , , , , , 
Krystina, , , , , , 
Miss, , , , , , 
Jesse, , , , , , 
Mr., , , , , , 
Lukas, , , , , , 
Mrs., , , , , , 
Mrs., , , , , , 
Quinton, , , , , , 
Lavinia, , , , , , 
Mr., , , , , , 
Bennie, , , , , , 
Sonia, , , , , , 
Shirley, , , , , , 
Ms., , , , , , 
Meta, , , , , , 
Ryley, , , , , , 
Sadye, , , , , , 
Harold, , , , , , 
Ernie, , , , , , 
Yasmeen, , , , , , 
Syble, , , , , , 
Miss, , , , , , 
Kadin, , , , , , 
Dante, , , , , , 
Edwin, , , , , , 
Zoey, , , , , , 
Mr., , , , , , 
Dr., , , , , , 
Lillie, , , , , , 
Anastasia, , , , , , 
Keshaun, , , , , , 
Mrs., , , , , , 
Burley, , , , , , 
Annalise, , , , , , 
Katelin, , , , , , 
Makenzie, , , , , , 
Laury, , , , , , 
Keven, , , , , , 
Prudence, , , , , , 
Sandra, , , , , , 
Jabari, , , , , , 
Mrs., , , , , , 
Mrs., , , , , , 
Leonie, , , , , , 
Nicole, , , , , , 
Waino, , , , , , 
Alexandra, , , , , , 
Beulah, , , , , , 
Miss, , , , , , 
Lysanne, , , , , , 
Dr., , , , , , 
Amelie, , , , , , 
Jennyfer, , , , , , 
Kade, , , , , , 
Vernie, , , , , , 
Mr., , , , , , 
Miss, , , , , , 
Armani, , , , , , 
Ms., , , , , , 
Tristian, , , , , , 
Katelin, , , , , , 
Ms., , , , , , 
Drake, , , , , , 
Miss, , , , , , 
Calista, , , , , , 
Freeda, , , , , , 
Santino, , , , , , 
Tobin, , , , , , 
Amparo, , , , , , 
Dr., , , , , , 
Jaquelin, , , , , , 
Federico, , , , , , 
Ms., , , , , , 
Mandy, , , , , , 
Margaret, , , , , , 
Delbert, , , , , , 
Mrs., , , , , , 
Dr., , , , , , 
Carlos, , , , , , 
Ashlynn, , , , , , 
Pablo, , , , , , 
Mrs., , , , , , 
Abe, , , , , , 
Schuyler, , , , , , 
Milton, , , , , , 
Issac, , , , , , 
Jalen, , , , , , 
Tania, , , , , , 
Moises, , , , , , 
Cornelius, , , , , , 
Ms., , , , , , 
Avis, , , , , , 
Ms., , , , , , 
Drew, , , , , , 
Miss, , , , , , 
Vaughn, , , , , , 
Tamia, , , , , , 
Dr., , , , , , 
Katrina, , , , , , 
Treva, , , , , , 
Amiya, , , , , , 
Mr., , , , , , 
Jailyn, , , , , , 
Dr., , , , , , 
Mrs., , , , , , 
Blair, , , , , , 
Mrs., , , , , , 
Emile, , , , , , 
Andy, , , , , , 
Burnice, , , , , , 
Lizeth, , , , , , 
Vincenza, , , , , , 
Abraham, , , , , , 
Cleveland, , , , , , 
Shana, , , , , , 
Mr., , , , , , 
Ivy, , , , , , 
Jany, , , , , , 
Jovany, , , , , , 
Dolores, , , , , , 
Aurelie, , , , , , 
Miss, , , , , , 
Sofia, , , , , , 
Amir, , , , , , 
Mrs., , , , , , 
Ms., , , , , , 
Jaeden, , , , , , 
Orin, , , , , , 
Haskell, , , , , , 
Dr., , , , , , 
Tomasa, , , , , , 
Jessie, , , , , , 
Linnie, , , , , , 
Mr., , , , , , 
Dr., , , , , , 
Cordia, , , , , , 
Dr., , , , , , 
Colin, , , , , , 
Miss, , , , , , 
Clyde, , , , , , 
Mrs., , , , , , 
Ms., , , , , , 
Hudson, , , , , , 
Mr., , , , , , 
Noemy, , , , , , 
Luigi, , , , , , 
Stanley, , , , , , 
Mrs., , , , , , 
Dr., , , , , , 
Mrs., , , , , , 
Dr., , , , , , 
Dr., , , , , , 
Mr., , , , , , 
Bessie, , , , , , 
Miss, , , , , , 
Antwon, , , , , , 
Perry, , , , , , 
Augustus, , , , , , 
Juana, , , , , , 
Freeda, , , , , , 
Jesus, , , , , , 
Mylene, , , , , , 
Estelle, , , , , , 
Bell, , , , , , 
Ms., , , , , , 
Judson, , , , , , 
Caden, , , , , , 
Brennan, , , , , , 
Darlene, , , , , , 
Emmanuel, , , , , , 
Mollie, , , , , , 
Ms., , , , , , 
Mariah, , , , , , 
Callie, , , , , , 
Tremaine, , , , , , 
Jarrett, , , , , , 
Dr., , , , , , 
Timmothy, , , , , , 
Johnson, , , , , , 
Miss, , , , , , 
Mr., , , , , , 
Mr., , , , , , 
Ms., , , , , , 
Mae, , , , , , 
Ms., , , , , , 
Daron, , , , , , 
Ms., , , , , , 
Wendy, , , , , , 
Mrs., , , , , , 
Ms., , , , , , 
Mr., , , , , , 
Tristin, , , , , , 
Mrs., , , , , , 
Katherine, , , , , , 
Quinton, , , , , , 
Jerad, , , , , , 
Philip, , , , , , 
Amira, , , , , , 
Millie, , , , , , 
Mrs., , , , , , 
Dr., , , , , , 
Mrs., , , , , , 
Edgar, , , , , , 
Samantha, , , , , , 
Chanel, , , , , , 
Miss, , , , , , 
Demond, , , , , , 
Esmeralda, , , , , , 
Mrs., , , , , , 
Dr., , , , , , 
Rodrigo, , , , , , 
Grayson, , , , , , 
Grayce, , , , , , 
Bethel, , , , , , 
Amos, , , , , , 
Toni, , , , , , 
Mr., , , , , , 
Dr., , , , , , 
Adah, , , , , , 
Mr., , , , , , 
Mrs., , , , , , 
Anthony, , , , , , 
Madelyn, , , , , , 
Gisselle, , , , , , 
Miss, , , , , , 
Lupe, , , , , , 
Jackie, , , , , , 
Ms., , , , , , 
Mr., , , , , , 
Connor, , , , , , 
Miss, , , , , , 
Eloy, , , , , , 
Mr., , , , , , 
Delaney, , , , , , 
Mr., , , , , , 
Armand, , , , , , 
Yasmeen, , , , , , 
Miss, , , , , , 
Dr., , , , , , 
Caroline, , , , , , 
Darian, , , , , , 
Dr., , , , , , 
Sterling, , , , , , 
Mr., , , , , , 
Mr., , , , , , 
Dr., , , , , , 
Pearl, , , , , , 
Estella, , , , , , 
Mr., , , , , , 
Miss, , , , , , 
Fletcher, , , , , , 
Dr., , , , , , 
Treva, , , , , , 
Dr., , , , , , 
Miss, , , , , , 
Dr., , , , , , 
Juliet, , , , , , 
Luisa, , , , , , 
Miss, , , , , , 
Lucinda, , , , , , 
Skye, , , , , , 
Mr., , , , , , 
Ethyl, , , , , , 
Kaitlyn, , , , , , 
Landen, , , , , , 
Royal, , , , , , 
Darron, , , , , , 
Orlo, , , , , , 
Mrs., , , , , , 
Kaela, , , , , , 
Mrs., , , , , , 
Ms., , , , , , 
Henriette, , , , , , 
Orval, , , , , , 
Noel, , , , , , 
Miss, , , , , , 
Winston, , , , , , 
Audie, , , , , , 
Miss, , , , , , 
Ms., , , , , , 
Ms., , , , , , 
Julio, , , , , , 
Dr., , , , , , 
Julio, , , , , , 
Adolph, , , , , , 
Freida, , , , , , 
Thomas, , , , , , 
Dr., , , , , , 
Verona, , , , , , 
Sheldon, , , , , , 
Miss, , , , , , 
Mrs., , , , , , 
Jaunita, , , , , , 
Emie, , , , , , 
Kristin, , , , , , 
Mr., , , , , , 
Miss, , , , , , 
Miss, , , , , , 
Dr., , , , , , 
Lilliana, , , , , , 
Ms., , , , , , 
Miss, , , , , , 
Lela, , , , , , 
Mrs., , , , , , 
Miss, , , , , , 
Hayley, , , , , , 
Bette, , , , , , 
Mr., , , , , , 
Kaylee, , , , , , 
Korbin, , , , , , 
Mia, , , , , , 
Darwin, , , , , , 
Lorenzo, , , , , , 
Mr., , , , , , 
Kian, , , , , , 
Elna, , , , , , 
Ms., , , , , , 
Joana, , , , , , 
Coby, , , , , , 
Aditya, , , , , , 
Luna, , , , , , 
Naomi, , , , , , 
Zachary, , , , , , 
Mrs., , , , , , 
Ms., , , , , , 
Mr., , , , , , 
Gerard, , , , , , 
Kayley, , , , , , 
Nola, , , , , , 
Maxwell, , , , , , 
Dr., , , , , , 
Joshuah, , , , , , 
Ms., , , , , , 
Velda, , , , , , 
Arlie, , , , , , 
Kory, , , , , , 
Ms., , , , , , 
Unique, , , , , , 
Antwon, , , , , , 
Ms., , , , , , 
Tina, , , , , , 
Orrin, , , , , , 
Elliott, , , , , , 
Savannah, , , , , , 
Jonathon, , , , , , 
Norma, , , , , , 
Hermann, , , , , , 
D'angelo, , , , , , 
Ms., , , , , , 
Antonia, , , , , , 
Sasha, , , , , , 
Miss, , , , , , 
Anthony, , , , , , 
Lilly, , , , , , 
Brett, , , , , , 
Edward, , , , , , 
Alexandrea, , , , , , 
Alexandro, , , , , , 
Lilly, , , , , , 
Ms., , , , , , 
Miss, , , , , , 
Jermain, , , , , , 
Mrs., , , , , , 
Charlotte, , , , , , 
Dr., , , , , , 
Miss, , , , , , 
Ms., , , , , , 
Hallie, , , , , , 
Princess, , , , , , 
Alana, , , , , , 
Juliana, , , , , , 
Mitchell, , , , , , 
Ms., , , , , , 
Audrey, , , , , , 
Lewis, , , , , , 
Sasha, , , , , , 
Cecile, , , , , , 
Ms., , , , , , 
Darien, , , , , , 
Abdullah, , , , , , 
Edward, , , , , , 
Osbaldo, , , , , , 
Mr., , , , , , 
Miss, , , , , , 
Jon, , , , , , 
Bryon, , , , , , 
Norbert, , , , , , 
Alva, , , , , , 
Mr., , , , , , 
Michele, , , , , , 
Lloyd, , , , , , 
Ms., , , , , , 
Miss, , , , , , 
Miss, , , , , , 
Josefa, , , , , , 
Alexandrine, , , , , , 
Mr., , , , , , 
Ms., , , , , , 
Mrs., , , , , , 
Eunice, , , , , , 
Dr., , , , , , 
Dr., , , , , , 
Mrs., , , , , , 
Marcellus, , , , , , 
Dr., , , , , , 
Trent, , , , , , 
Mikel, , , , , , 
Antonio, , , , , , 
Gregoria, , , , , , 
Amir, , , , , , 
Ardella, , , , , , 
Wilton, , , , , , 
Katrina, , , , , , 
Della, , , , , , 
Ms., , , , , , 
Daphney, , , , , , 
Maxie, , , , , , 
Trevion, , , , , , 
Javon, , , , , , 
Chester, , , , , , 
Jedediah, , , , , , 
Emmanuel, , , , , , 
Miss, , , , , , 
Ms., , , , , , 
Mrs., , , , , , 
Christophe, , , , , , 
Miss, , , , , , 
Isabella, , , , , , 
Mrs., , , , , , 
Terrence, , , , , , 
Rae, , , , , , 
Miss, , , , , , 
Mrs., , , , , , 
Dell, , , , , , 
Ms., , , , , , 
Dr., , , , , , 
Mrs., , , , , , 
Jadyn, , , , , , 
Jennifer, , , , , , 
Miss, , , , , , 
Ms., , , , , , 
Tre, , , , , , 
Mrs., , , , , , 
Hillard, , , , , , 
Mafalda, , , , , , 
Cameron, , , , , , 
Wilhelmine, , , , , , 
Charlene, , , , , , 
Dr., , , , , , 
Davonte, , , , , , 
Mr., , , , , , 
Felix, , , , , , 
May, , , , , , 
Easter, , , , , , 
Eloise, , , , , , 
Adelia, , , , , , 
Laisha, , , , , , 
Rolando, , , , , , 
Kelvin, , , , , , 
Mrs., , , , , , 
Mrs., , , , , , 
Royal, , , , , , 
Lea, , , , , , 
Johnnie, , , , , , 
Geovanny, , , , , , 
Oliver, , , , , , 
Mr., , , , , , 
Mr., , , , , , 
Juanita, , , , , , 
Wilhelmine, , , , , , 
Ernestine, , , , , , 
Dr., , , , , , 
Ms., , , , , , 
Miss, , , , , , 
Regan, , , , , , 
Ms., , , , , , 
Ms., , , , , , 
Mr., , , , , , 
Miss, , , , , , 
Zackery, , , , , , 
Delphine, , , , , , 
Wilbert, , , , , , 
Dr., , , , , , 
Raymond, , , , , , 
Shemar, , , , , , 
Ms., , , , , , 
Miss, , , , , , 
Tyree, , , , , , 
Michelle, , , , , , 
Ms., , , , , , 
Mrs., , , , , , 
Hilda, , , , , , 
Leif, , , , , , 
Doyle, , , , , , 
Mrs., , , , , , 
Darlene, , , , , , 
Edmond, , , , , , 
Rhea, , , , , , 
Miss, , , , , , 
Ryleigh, , , , , , 
Miss, , , , , , 
Jaquan, , , , , , 
Garret, , , , , , 
Layne, , , , , , 
Miss, , , , , , 
Deborah, , , , , , 
Jolie, , , , , , 
Efrain, , , , , , 
Delphia, , , , , , 
Mr., , , , , , 
Will, , , , , , 
Mr., , , , , , 
Mr., , , , , , 
Ms., , , , , , 
Dr., , , , , , 
Mr., , , , , , 
Melissa, , , , , , 
Olen, , , , , , 
Miss, , , , , , 
Mrs., , , , , , 
Allie, , , , , , 
Dr., , , , , , 
Mr., , , , , , 
Miss, , , , , , 
Miss, , , , , , 
Jerrod, , , , , , 
Mr., , , , , , 
Cooper, , , , , , 
Rosalia, , , , , , 
Jeromy, , , , , , 
Dr., , , , , , 
Maryse, , , , , , 
Candace, , , , , , 
Mina, , , , , , 
Dr., , , , , , 
Mrs., , , , , , 
Keanu, , , , , , 
Mr., , , , , , 
Ronaldo, , , , , , 
Hosea, , , , , , 
Ms., , , , , , 
Dr., , , , , , 
Dr., , , , , , 
Dr., , , , , , 
Bridget, , , , , , 
Phoebe, , , , , , 
Mrs., , , , , , 
Eda, , , , , , 
Leland, , , , , , 
Mrs., , , , , , 
Bridie, , , , , , 
Brian, , , , , , 
Erna, , , , , , 
Tanner, , , , , , 
Vincent, , , , , , 
Kailey, , , , , , 
Ms., , , , , , 
Mr., , , , , , 
Theodore, , , , , , 
Dr., , , , , , 
Dr., , , , , , 
Katarina, , , , , , 
Dell, , , , , , 
Miss, , , , , , 
Santino, , , , , , 
Jalon, , , , , , 
Brandon, , , , , , 
Ms., , , , , , 
Mr., , , , , , 
Mr., , , , , , 
Darlene, , , , , , 
Dr., , , , , , 
Tanya, , , , , , 
Gretchen, , , , , , 
Mrs., , , , , , 
Blanca, , , , , , 
Wilber, , , , , , 
Mrs., , , , , , 
Dr., , , , , , 
Ms., , , , , , 
Cesar, , , , , , 
Noble, , , , , , 
Precious, , , , , , 
Miss, , , , , , 
Micah, , , , , , 
Giovanna, , , , , , 
Birdie, , , , , , 
Tyrel, , , , , , 
Kyla, , , , , , 
Dr., , , , , , 
Kacey, , , , , , 
Ricky, , , , , , 
Irma, , , , , , 
Miss, , , , , , 
Jerry, , , , , , 
Brenden, , , , , , 
Carli, , , , , , 
Darrion, , , , , , 
Beulah, , , , , , 
Beaulah, , , , , , 
Vallie, , , , , , 
Camden, , , , , , 
Mr., , , , , , 
Miss, , , , , , 
Dr., , , , , , 
Dr., , , , , , 
Naomie, , , , , , 
Keshawn, , , , , , 
Mya, , , , , , 
Mathilde, , , , , , 
Miss, , , , , , 
Dee, , , , , , 
Kayleigh, , , , , , 
Kolby, , , , , , 
Miss, , , , , , 
Ms., , , , , , 
Mazie, , , , , , 
Mr., , , , , , 
Mervin, , , , , , 
Miss, , , , , , 
Dr., , , , , , 
Trey, , , , , , 
Mrs., , , , , , 
Reilly, , , , , , 
Mrs., , , , , , 
Verla, , , , , , 
Rafael, , , , , , 
Citlalli, , , , , , 
Mrs., , , , , , 
Ahmed, , , , , , 
Ms., , , , , , 
Arnold, , , , , , 
Mrs., , , , , , 
Hester, , , , , , 
Dr., , , , , , 
Mrs., , , , , , 
Mr., , , , , , 
Blaise, , , , , , 
Laura, , , , , , 
Dr., , , , , , 
Skye, , , , , , 
Kavon, , , , , , 
Orin, , , , , , 
Margaretta, , , , , , 
Brianne, , , , , , 
Ms., , , , , , 
Dr., , , , , , 
Jadyn, , , , , , 
Justyn, , , , , , 
Mrs., , , , , , 
Ms., , , , , , 
Mrs., , , , , , 
Santiago, , , , , , 
Mrs., , , , , , 
Miss, , , , , , 
Mr., , , , , , 
Dr., , , , , , 
Bradly, , , , , , 
Mr., , , , , , 
Osbaldo, , , , , , 
Leopoldo, , , , , , 
Dr., , , , , , 
Ms., , , , , , 
Miss, , , , , , 
Hillary, , , , , , 
Hayley, , , , , , 
Ms., , , , , , 
Maybelle, , , , , , 
Maximillia, , , , , , 
Ms., , , , , , 
Kadin, , , , , , 
Theresa, , , , , , 
Rocky, , , , , , 
Nasir, , , , , , 
Sienna, , , , , , 
Ebony, , , , , , 
Jaleel, , , , , , 
Keshawn, , , , , , 
Miss, , , , , , 
Dr., , , , , , 
Pearlie, , , , , , 
Dr., , , , , , 
Ms., , , , , , 
Eryn, , , , , , 
Marcel, , , , , , 
Myah, , , , , , 
Ms., , , , , , 
Serena, , , , , , 
Ms., , , , , , 
Sister, , , , , , 
Alejandrin, , , , , , 
Dr., , , , , , 
Noe, , , , , , 
Miss, , , , , , 
Fritz, , , , , , 
Otilia, , , , , , 
Nicholaus, , , , , , 
Jose, , , , , , 
Lee, , , , , , 
Mrs., , , , , , 
Ms., , , , , , 
Ms., , , , , , 
Mr., , , , , , 
Carmel, , , , , , 
Celia, , , , , , 
Asha, , , , , , 
Khalid, , , , , , 
Ms., , , , , , 
Murphy, , , , , , 
Elena, , , , , , 
Marques, , , , , , 
Shemar, , , , , , 
Dr., , , , , , 
Julio, , , , , , 
Mr., , , , , , 
Jaime, , , , , , 
Mr., , , , , , 
Shane, , , , , , 
Nathan, , , , , , 
Alena, , , , , , 
Stacy, , , , , , 
Elnora, , , , , , 
Maurice, , , , , , 
Ms., , , , , , 
Eveline, , , , , , 
Guadalupe, , , , , , 
Kelton, , , , , , 
Mrs., , , , , , 
Miss, , , , , , 
Salma, , , , , , 
Donny, , , , , , 
Xavier, , , , , , 
Ms., , , , , , 
Mrs., , , , , , 
Kaylee, , , , , , 
Miss, , , , , , 
Maximillia, , , , , , 
Angeline, , , , , , 
Dr., , , , , , 
Mr., , , , , , 
Kirk, , , , , , 
Mrs., , , , , , 
Dr., , , , , , 
Dr., , , , , , 
Lemuel, , , , , , 
Mr., , , , , , 
Jacinto, , , , , , 
Rosie, , , , , , 
Earl, , , , , , 
Mr., , , , , , 
Miss, , , , , , 
Ms., , , , , , 
Nicola, , , , , , 
Ms., , , , , , 
Sydney, , , , , , 
Joey, , , , , , 
Cara, , , , , , 
Merritt, , , , , , 
Francesca, , , , , , 
Maxwell, , , , , , 
Candace, , , , , , 
Kathlyn, , , , , , 
Miss, , , , , , 
Shaniya, , , , , , 
Presley, , , , , , 
Fatima, , , , , , 
Eduardo, , , , , , 
Nora, , , , , , 
Else, , , , , , 
Danielle, , , , , , 
Mrs., , , , , , 
Dashawn, , , , , , 
Maria, , , , , , 
Brant, , , , , , 
Mr., , , , , , 
Deron, , , , , , 
Sonny, , , , , , 
Mrs., , , , , , 
Mrs., , , , , , 
Jayme, , , , , , 
Miss, , , , , , 
Mireille, , , , , , 
Elmore, , , , , , 
Mr., , , , , , 
Mr., , , , , , 
Daryl, , , , , , 
Andres, , , , , , 
Maeve, , , , , , 
Rusty, , , , , , 
Broderick, , , , , , 
Jameson, , , , , , 
Freddie, , , , , , 
Emelia, , , , , , 
Caleigh, , , , , , 
Tyrell, , , , , , 
Juvenal, , , , , , 
Dr., , , , , , 
Milton, , , , , , 
Fredrick, , , , , , 
Ms., , , , , , 
Bridie, , , , , , 
Kory, , , , , , 
Weston, , , , , , 
Dr., , , , , , 
Quentin, , , , , , 
Miss, , , , , , 
Samanta, , , , , , 
Abbigail, , , , , , 
Chanel, , , , , , 
Mervin, , , , , , 
Jena, , , , , , 
Sigrid, , , , , , 
Aidan, , , , , , 
Abner, , , , , , 
Fiona, , , , , , 
Ms., , , , , , 
Pierce, , , , , , 
Miss, , , , , , 
Clementine, , , , , , 
Marcelino, , , , , , 
Dr., , , , , , 
Sandy, , , , , , 
Melissa, , , , , , 
Glennie, , , , , , 
Evan, , , , , , 
Dr., , , , , , 
Miss, , , , , , 
Damon, , , , , , 
Dana, , , , , , 
Mr., , , , , , 
Miss, , , , , , 
Sophia, , , , , , 
Tomasa, , , , , , 
Mustafa, , , , , , 
Shany, , , , , , 
Miss, , , , , , 
Dr., , , , , , 
Marcos, , , , , , 
Mrs., , , , , , 
Courtney, , , , , , 
Ms., , , , , , 
Lue, , , , , , 
Zelda, , , , , , 
Lelia, , , , , , 
Ms., , , , , , 
Ms., , , , , , 
Frederic, , , , , , 
Charley, , , , , , 
Stone, , , , , , 
Abigayle, , , , , , 
Dion, , , , , , 
Dr., , , , , , 
Ludie, , , , , , 
Raul, , , , , , 
Lily, , , , , , 
Asha, , , , , , 
Trace, , , , , , 
Katherine, , , , , , 
Doris, , , , , , 
Reynold, , , , , , 
Dustin, , , , , , 
Robert, , , , , , 
Miss, , , , , , 
Terry, , , , , , 
Mallie, , , , , , 
Bret, , , , , , 
Kareem, , , , , , 
Mr., , , , , , 
Cade, , , , , , 
Dr., , , , , , 
Johnson, , , , , , 
Mrs., , , , , , 
Kaycee, , , , , , 
Mr., , , , , , 
Dr., , , , , , 
Ms., , , , , , 
Alejandrin, , , , , , 
Julia, , , , , , 
Hudson, , , , , , 
Ms., , , , , , 
Desmond, , , , , , 
Dr., , , , , , 
Mrs., , , , , , 
Miss, , , , , , 
Juliet, , , , , , 
Leonor, , , , , , 
Keshawn, , , , , , 
Ms., , , , , , 
Ms., , , , , , 
Chaz, , , , , , 
Dr., , , , , , 
Mr., , , , , , 
Ms., , , , , , 
Brando, , , , , , 
Name, , , , , , 
Noemy, , , , , , 
Emerson, , , , , , 
Devyn, , , , , , 
Marguerite, , , , , , 
Mrs., , , , , , 
Ms., , , , , , 
Freida, , , , , , 
Miss, , , , , , 
Consuelo, , , , , , 
Marie, , , , , , 
Lurline, , , , , , 
Ms., , , , , , 
Fernando, , , , , , 
Francisca, , , , , , 
Mrs., , , , , , 
Luella, , , , , , 
Jolie, , , , , , 
Mrs., , , , , , 
Miss, , , , , , 
Mr., , , , , , 
Demario, , , , , , 
Dr., , , , , , 
Alfredo, , , , , , 
Arjun, , , , , , 
Dr., , , , , , 
Aida, , , , , , 
Lorenza, , , , , , 
Nova, , , , , , 
Alf, , , , , , 
Paige, , , , , , 
Kory, , , , , , 
Ella, , , , , , 
Edd, , , , , , 
Mr., , , , , , 
Camilla, , , , , , 
Shayne, , , , , , 
Gaston, , , , , , 
Reinhold, , , , , , 
Gudrun, , , , , , 
Verdie, , , , , , 
Jarrett, , , , , , 
Mr., , , , , , 
Unique, , , , , , 
Alejandrin, , , , , , 
Tod, , , , , , 
Hertha, , , , , , 
Elena, , , , , , 
Josefina, , , , , , 
Magali, , , , , , 
Mr., , , , , , 
Martina, , , , , , 
Miss, , , , , , 
Edmund, , , , , , 
Miss, , , , , , 
Ms., , , , , , 
Miss, , , , , , 
Mrs., , , , , , 
Karine, , , , , , 
Dr., , , , , , 
Adolph, , , , , , 
Mrs., , , , , , 
Mr., , , , , , 
Estel, , , , , , 
Tito, , , , , , 
Dr., , , , , , 
Horacio, , , , , , 
Amira, , , , , , 
Gilberto, , , , , , 
Gaylord, , , , , , 
Mr., , , , , , 
Rogelio, , , , , , 
Aida, , , , , , 
Lavonne, , , , , , 
Dortha, , , , , , 
Ms., , , , , , 
Dr., , , , , , 
Dr., , , , , , 
Kailyn, , , , , , 
Trenton, , , , , , 
Abbey, , , , , , 
King, , , , , , 
Ola, , , , , , 
Jensen, , , , , , 
Mr., , , , , , 
Amina, , , , , , 
Mekhi, , , , , , 
Dallin, , , , , , 
Dr., , , , , , 
Mrs., , , , , , 
Alta, , , , , , 
John, , , , , , 
Dr., , , , , , 
Cody, , , , , , 
Tom, , , , , , 
Ms., , , , , , 
Trey, , , , , , 
Dr., , , , , , 
Hershel, , , , , , 
Mr., , , , , , 
Mrs., , , , , , 
Mr., , , , , , 
Frederique, , , , , , 
Melisa, , , , , , 
Niko, , , , , , 
Ms., , , , , , 
Dr., , , , , , 
Dr., , , , , , 
Nedra, , , , , , 
Andre, , , , , , 
Mrs., , , , , , 
Mallory, , , , , , 
Nasir, , , , , , 
Mrs., , , , , , 
Ladarius, , , , , , 
Rosamond, , , , , , 
Mrs., , , , , , 
Dr., , , , , , 
Katelynn, , , , , , 
Collin, , , , , , 
Ralph, , , , , , 
Myrl, , , , , , 
Mrs., , , , , , 
Randy, , , , , , 
Chester, , , , , , 
Mr., , , , , , 
Ralph, , , , , , 
Belle, , , , , , 
Dr., , , , , , 
Anibal, , , , , , 
Ms., , , , , , 
Delphine, , , , , , 
Zena, , , , , , 
Gabrielle, , , , , , 
Miss, , , , , , 
Ms., , , , , , 
Mr., , , , , , 
Jaqueline, , , , , , 
Fletcher, , , , , , 
Royce, , , , , , 
Donavon, , , , , , 
Dr., , , , , , 
Ms., , , , , , 
Stan, , , , , , 
Dr., , , , , , 
Justen, , , , , , 
Kaelyn, , , , , , 
Ms., , , , , , 
Macey, , , , , , 
Shaylee, , , , , , 
Adriana, , , , , , 
Charles, , , , , , 
Dr., , , , , , 
Jalon, , , , , , 
Ms., , , , , , 
Malika, , , , , , 
Miss, , , , , , 
Jedidiah, , , , , , 
Dario, , , , , , 
Cortez, , , , , , 
Marquise, , , , , , 
Samanta, , , , , , 
Mr., , , , , , 
Mrs., , , , , , 
Maci, , , , , , 
Frances, , , , , , 
Mr., , , , , , 
Miss, , , , , , 
Desiree, , , , , , 
Ms., , , , , , 
Etha, , , , , , 
Izaiah, , , , , , 
Mrs., , , , , , 
Ms., , , , , , 
Ashton, , , , , , 
Eldridge, , , , , , 
Ms., , , , , , 
Federico, , , , , , 
Ms., , , , , , 
Lillie, , , , , , 
Mr., , , , , , 
Irving, , , , , , 
Colleen, , , , , , 
Emelie, , , , , , 
Marlene, , , , , , 
Miss, , , , , , 
Jacky, , , , , , 
Kali, , , , , , 
Mrs., , , , , , 
Friedrich, , , , , , 
Shany, , , , , , 
Lauren, , , , , , 
Andres, , , , , , 
Nola, , , , , , 
Mr., , , , , , 
Leilani, , , , , , 
Sheridan, , , , , , 
Mateo, , , , , , 
Davion, , , , , , 
Dr., , , , , , 
Mrs., , , , , , 
Mrs., , , , , , 
Ms., , , , , , 
Miss, , , , , , 
Ms., , , , , , 
Orpha, , , , , , 
Ms., , , , , , 
Mr., , , , , , 
August, , , , , , 
Mrs., , , , , , 
Ms., , , , , , 
Mrs., , , , , , 
Ms., , , , , , 
Miss, , , , , , 
Efrain, , , , , , 
Mr., , , , , , 
Dr., , , , , , 
Chaya, , , , , , 
Kaya, , , , , , 
Burley, , , , , , 
Mr., , , , , , 
Ms., , , , , , 
Zena, , , , , , 
Rhiannon, , , , , , 
King, , , , , , 
Sonia, , , , , , 
Keshaun, , , , , , 
Gianni, , , , , , 
Gage, , , , , , 
Randal, , , , , , 
Coralie, , , , , , 
Mrs., , , , , , 
Nora, , , , , , 
Gustave, , , , , , 
Gus, , , , , , 
Kareem, , , , , , 
Garrick, , , , , , 
Ms., , , , , , 
Jordy, , , , , , 
Dorian, , , , , , 
Leon, , , , , , 
Mrs., , , , , , 
Ms., , , , , , 
Judd, , , , , , 
Janae, , , , , , 
Miss, , , , , , 
Jackson, , , , , , 
Wilhelm, , , , , , 
Mrs., , , , , , 
Jessika, , , , , , 
Green, , , , , , 
Elfrieda, , , , , , 
Miss, , , , , , 
Dr., , , , , , 
Ms., , , , , , 
Jany, , , , , , 
Tre, , , , , , 
Ms., , , , , , 
Cornell, , , , , , 
Jimmy, , , , , , 
Tyrel, , , , , , 
Adonis, , , , , , 
Abraham, , , , , , 
Theresia, , , , , , 
Mr., , , , , , 
Mr., , , , , , 
Blaze, , , , , , 
Trever, , , , , , 
Zander, , , , , , 
Ms., , , , , , 
Mr., , , , , , 
Miss, , , , , , 
Timmothy, , , , , , 
Thomas, , , , , , 
Janick, , , , , , 
Sadye, , , , , , 
Miss, , , , , , 
Mr., , , , , , 
Alejandrin, , , , , , 
Nathan, , , , , , 
Devon, , , , , , 
Ubaldo, , , , , , 
Monserrat, , , , , , 
Miss, , , , , , 
Mrs., , , , , , 
Mr., , , , , , 
Miss, , , , , , 
Fritz, , , , , , 
Marshall, , , , , , 
Miss, , , , , , 
Maritza, , , , , , 
Marlen, , , , , , 
Kellen, , , , , , 
Mrs., , , , , , 
Dexter, , , , , , 
Mr., , , , , , 
Karley, , , , , , 
Mrs., , , , , , 
Katrina, , , , , , 
Miss, , , , , , 
Mrs., , , , , , 
Cordelia, , , , , , 
Jaquan, , , , , , 
Tracy, , , , , , 
Albertha, , , , , , 
Creola, , , , , , 
Rasheed, , , , , , 
Freda, , , , , , 
Maryjane, , , , , , 
Delphine, , , , , , 
Mr., , , , , , 
Coy, , , , , , 
Angie, , , , , , 
Mrs., , , , , , 
Mrs., , , , , , 
Miss, , , , , , 
Ms., , , , , , 
Jeff, , , , , , 
Julius, , , , , , 
Dr., , , , , , 
Mr., , , , , , 
Dr., , , , , , 
Wilfrid, , , , , , 
Nickolas, , , , , , 
Dan, , , , , , 
Mrs., , , , , , 
Ms., , , , , , 
Miss, , , , , , 
Lincoln, , , , , , 
Dr., , , , , , 
Jude, , , , , , 
Dr., , , , , , 
Mrs., , , , , , 
Mrs., , , , , , 
Ms., , , , , , 
Brycen, , , , , , 
Mrs., , , , , , 
Dr., , , , , , 
Miss, , , , , , 
Robb, , , , , , 
Ms., , , , , , 
Maxwell, , , , , , 
Dr., , , , , , 
Mrs., , , , , , 
Jalon, , , , , , 
Miss, , , , , , 
Greg, , , , , , 
Miss, , , , , , 
Yasmine, , , , , , 
Miss, , , , , , 
Mr., , , , , , 
Mafalda, , , , , , 
Terry, , , , , , 
Mrs., , , , , , 
Hulda, , , , , , 
Erika, , , , , , 
Miss, , , , , , 
Ms., , , , , , 
Sasha, , , , , , 
Kristopher, , , , , , 
Miss, , , , , , 
Miss, , , , , , 
Miss, , , , , , 
Henri, , , , , , 
Benedict, , , , , , 
Dr., , , , , , 
Jammie, , , , , , 
Felton, , , , , , 
Mr., , , , , , 
Mr., , , , , , 
Nya, , , , , , 
Jayne, , , , , , 
Damien, , , , , , 
Ms., , , , , , 
Jessika, , , , , , 
Mr., , , , , , 
Evan, , , , , , 
Dr., , , , , , 
Dr., , , , , , 
Brown, , , , , , 
Brannon, , , , , , 
Dr., , , , , , 
Davonte, , , , , , 
Jules, , , , , , 
Hazel, , , , , , 
Mr., , , , , , 
Krystel, , , , , , 
Dr., , , , , , 
Trycia, , , , , , 
Tianna, , , , , , 
Miss, , , , , , 
Jefferey, , , , , , 
Reuben, , , , , , 
Jody, , , , , , 
Kali, , , , , , 
Kim, , , , , , 
Sonny, , , , , , 
Gianni, , , , , , 
Mrs., , , , , , 
Addie, , , , , , 
Rupert, , , , , , 
Lucile, , , , , , 
Buster, , , , , , 
Mr., , , , , , 
Jaquelin, , , , , , 
Wilbert, , , , , , 
Miss, , , , , , 
Miss, , , , , , 
Elnora, , , , , , 
Miss, , , , , , 
Jefferey, , , , , , 
Miss, , , , , , 
Elnora, , , , , , 
Breana, , , , , , 
Ms., , , , , , 
Jazlyn, , , , , , 
Mr., , , , , , 
Bessie, , , , , , 
Ms., , , , , , 
Dr., , , , , , 
Hollie, , , , , , 
Vella, , , , , , 
Aurore, , , , , , 
Dorris, , , , , , 
Ms., , , , , , 
Mr., , , , , , 
Lavinia, , , , , , 
Taurean, , , , , , 
Maurice, , , , , , 
Dr., , , , , , 
Mrs., , , , , , 
Eunice, , , , , , 
Berry, , , , , , 
Henri, , , , , , 
Yolanda, , , , , , 
Drake, , , , , , 
Maegan, , , , , , 
Mrs., , , , , , 
Mr., , , , , , 
Mrs., , , , , , 
Taylor, , , , , , 
Ms., , , , , , 
Pattie, , , , , , 
Ciara, , , , , , 
Einar, , , , , , 
Dr., , , , , , 
Mr., , , , , , 
Ms., , , , , , 
Maegan, , , , , , 
Miss, , , , , , 
Amani, , , , , , 
Mr., , , , , , 
Lizzie, , , , , , 
Jadon, , , , , , 
Camron, , , , , , 
Miss, , , , , , 
Natasha, , , , , , 
Miss, , , , , , 
Dashawn, , , , , , 
Jarvis, , , , , , 
Alda, , , , , , 
Mrs., , , , , , 
Selmer, , , , , , 
Lonnie, , , , , , 
Chad, , , , , , 
Hyman, , , , , , 
Mrs., , , , , , 
Erik, , , , , , 
Zachery, , , , , , 
Kaya, , , , , , 
Kris, , , , , , 
Lane, , , , , , 
Dr., , , , , , 
Alyson, , , , , , 
Miss, , , , , , 
Halle, , , , , , 
Mrs., , , , , , 
Mrs., , , , , , 
Mrs., , , , , , 
Mr., , , , , , 
Juwan, , , , , , 
Anya, , , , , , 
Maximilian, , , , , , 
Miss, , , , , , 
Dominic, , , , , , 
Dr., , , , , , 
Mrs., , , , , , 
Keaton, , , , , , 
Margaret, , , , , , 
Randy, , , , , , 
Mrs., , , , , , 
Ms., , , , , , 
Mrs., , , , , , 
Mose, , , , , , 
Jennie, , , , , , 
Richie, , , , , , 
Troy, , , , , , 
Demarcus, , , , , , 
Darron, , , , , , 
Dr., , , , , , 
Santiago, , , , , , 
Jackeline, , , , , , 
Mr., , , , , , 
Colin, , , , , , 
Beverly, , , , , , 
Dr., , , , , , 
Mr., , , , , , 
Mrs., , , , , , 
Kassandra, , , , , , 
Kurt, , , , , , 
Quincy, , , , , , 
Ms., , , , , , 
Miss, , , , , , 
Mr., , , , , , 
Josh, , , , , , 
Emily, , , , , , 
Miss, , , , , , 
Tressa, , , , , , 
Corbin, , , , , , 
Vita, , , , , , 
Tierra, , , , , , 
Mary, , , , , , 
Miss, , , , , , 
Ms., , , , , , 
Dr., , , , , , 
Wilfrid, , , , , , 
Marge, , , , , , 
Skylar, , , , , , 
Mr., , , , , , 
Ms., , , , , , 
Mr., , , , , , 
Ms., , , , , , 
Jefferey, , , , , , 
Ismael, , , , , , 
Maia, , , , , , 
Zachery, , , , , , 
Delia, , , , , , 
Wiley, , , , , , 
Dr., , , , , , 
Mae, , , , , , 
Ms., , , , , , 
Miss, , , , , , 
Meta, , , , , , 
Consuelo, , , , , , 
Kamren, , , , , , 
Ms., , , , , , 
Vince, , , , , , 
Amparo, , , , , , 
Myrna, , , , , , 
Mr., , , , , , 
Dr., , , , , , 
Mr., , , , , , 
Miss, , , , , , 
Meredith, , , , , , 
Miss, , , , , , 
Mr., , , , , , 
Erick, , , , , , 
Roman, , , , , , 
Guido, , , , , , 
Adrien, , , , , , 
Demarcus, , , , , , 
Ms., , , , , , 
Macey, , , , , , 
Howard, , , , , , 
Mustafa, , , , , , 
Dr., , , , , , 
Mr., , , , , , 
Jaylin, , , , , , 
Haven, , , , , , 
Emerson, , , , , , 
Stephen, , , , , , 
Emmet, , , , , , 
Mrs., , , , , , 
Mr., , , , , , 
Jarvis, , , , , , 
Javonte, , , , , , 
Ellie, , , , , , 
Mrs., , , , , , 
Abbigail, , , , , , 
Loy, , , , , , 
Ms., , , , , , 
Jerod, , , , , , 
Natalie, , , , , , 
Miss, , , , , , 
Dr., , , , , , 
Dr., , , , , , 
Dr., , , , , , 
Kale, , , , , , 
Jane, , , , , , 
Nola, , , , , , 
Ms., , , , , , 
Jacinthe, , , , , , 
Narciso, , , , , , 
Saige, , , , , , 
Wanda, , , , , , 
Christine, , , , , , 
Joyce, , , , , , 
Max, , , , , , 
Hester, , , , , , 
Christine, , , , , , 
Miss, , , , , , 
Mr., , , , , , 
Rashawn, , , , , , 
Theo, , , , , , 
Mrs., , , , , , 
Brock, , , , , , 
Stanley, , , , , , 
Lurline, , , , , , 
Mr., , , , , , 
Jeff, , , , , , 
Mrs., , , , , , 
Ms., , , , , , 
Eldridge, , , , , , 
Ms., , , , , , 
Sigmund, , , , , , 
Kirsten, , , , , , 
Carmine, , , , , , 
Mr., , , , , , 
Miss, , , , , , 
Ms., , , , , , 
Zelma, , , , , , 
Friedrich, , , , , , 
Delia, , , , , , 
Rhea, , , , , , 
Dr., , , , , , 
Mr., , , , , , 
Emily, , , , , , 
Lupe, , , , , , 
Delpha, , , , , , 
Ms., , , , , , 
Catharine, , , , , , 
Marjory, , , , , , 
Dr., , , , , , 
Raymond, , , , , , 
Ms., , , , , , 
Warren, , , , , , 
Makenna, , , , , , 
Lilla, , , , , , 
Dr., , , , , , 
Ms., , , , , , 
Neoma, , , , , , 
Dr., , , , , , 
Ms., , , , , , 
Mrs., , , , , , 
Cameron, , , , , , 
Mr., , , , , , 
Maryjane, , , , , , 
Alanis, , , , , , 
Eldon, , , , , , 
Ms., , , , , , 
Mr., , , , , , 
Miss, , , , , , 
Crystel, , , , , , 
Miss, , , , , , 
Mrs., , , , , , 
Miss, , , , , , 
Minnie, , , , , , 
Mr., , , , , , 
Missouri, , , , , , 
Miss, , , , , , 
Dr., , , , , , 
Mrs., , , , , , 
Kaycee, , , , , , 
Tianna, , , , , , 
Tina, , , , , , 
Maida, , , , , , 
Tony, , , , , , 
Sasha, , , , , , 
Luisa, , , , , , 
Ms., , , , , , 
Mrs., , , , , , 
Keanu, , , , , , 
Norwood, , , , , , 
Adrien, , , , , , 
Miss, , , , , , 
Mr., , , , , , 
Mr., , , , , , 
Hoyt, , , , , , 
Mrs., , , , , , 
Junius, , , , , , 
Rico, , , , , , 
Yazmin, , , , , , 
Breana, , , , , , 
Ms., , , , , , 
Ms., , , , , , 
Scottie, , , , , , 
Mose, , , , , , 
Ms., , , , , , 
Paxton, , , , , , 
Kelsi, , , , , , 
Hassie, , , , , , 
Jewell, , , , , , 
Ms., , , , , , 
Tina, , , , , , 
Mrs., , , , , , 
Warren, , , , , , 
Leora, , , , , , 
Jeanne, , , , , , 
Madaline, , , , , , 
Celestine, , , , , , 
Krista, , , , , , 
Mr., , , , , , 
Miss, , , , , , 
Mrs., , , , , , 
Miss, , , , , , 
Mrs., , , , , , 
Adolphus, , , , , , 
Ms., , , , , , 
Bette, , , , , , 
Kelton, , , , , , 
Cierra, , , , , , 
Mr., , , , , , 
Kailey, , , , , , 
Kellie, , , , , , 
Cheyenne, , , , , , 
Ricky, , , , , , 
Miss, , , , , , 
Tyrel, , , , , , 
Tyson, , , , , , 
Mr., , , , , , 
Reece, , , , , , 
Macy, , , , , , 
Mr., , , , , , 
Wanda, , , , , , 
Malinda, , , , , , 
Curtis, , , , , , 
Austin, , , , , , 
Devonte, , , , , , 
Tevin, , , , , , 
Miss, , , , , , 
Ms., , , , , , 
Blair, , , , , , 
Daisy, , , , , , 
Otto, , , , , , 
Evie, , , , , , 
Anya, , , , , , 
Lonzo, , , , , , 
Ms., , , , , , 
Ana, , , , , , 
Thelma, , , , , , 
Mr., , , , , , 
Dr., , , , , , 
Dr., , , , , , 
Monica, , , , , , 
German, , , , , , 
Doyle, , , , , , 
Mr., , , , , , 
Rhea, , , , , , 
Raleigh, , , , , , 
Lilliana, , , , , , 
Avis, , , , , , 
Mrs., , , , , , 
Mr., , , , , , 
Gertrude, , , , , , 
Ozella, , , , , , 
Mr., , , , , , 
Nellie, , , , , , 
Zakary, , , , , , 
Mrs., , , , , , 
Leanne, , , , , , 
Dr., , , , , , 
Christy, , , , , , 
Dr., , , , , , 
Hudson, , , , , , 
Donavon, , , , , , 
Abdul, , , , , , 
Dr., , , , , , 
Conor, , , , , , 
Karine, , , , , , 
Jamison, , , , , , 
Birdie, , , , , , 
Reed, , , , , , 
Miss, , , , , , 
Macey, , , , , , 
Yvette, , , , , , 
Bridie, , , , , , 
Rosa, , , , , , 
Elmer, , , , , , 
Gonzalo, , , , , , 
Stevie, , , , , , 
Maryse, , , , , , 
Tia, , , , , , 
Geovany, , , , , , 
Henri, , , , , , 
Mr., , , , , , 
Mrs., , , , , , 
Miss, , , , , , 
Olen, , , , , , 
Marquise, , , , , , 
Ms., , , , , , 
Karen, , , , , , 
Ms., , , , , , 
Cassandre, , , , , , 
Ms., , , , , , 
Lacey, , , , , , 
Miss, , , , , , 
Ms., , , , , , 
Mabel, , , , , , 
Lenore, , , , , , 
Aglae, , , , , , 
Paul, , , , , , 
Anya, , , , , , 
Cletus, , , , , , 
Ms., , , , , , 
Rosanna, , , , , , 
Ms., , , , , , 
Jonathan, , , , , , 
Morton, , , , , , 
Miss, , , , , , 
Gloria, , , , , , 
Mrs., , , , , , 
Augusta, , , , , , 
Mr., , , , , , 
Miss, , , , , , 
Mrs., , , , , , 
Kaylah, , , , , , 
Izabella, , , , , , 
Reilly, , , , , , 
Hilbert, , , , , , 
Ms., , , , , , 
Darrel, , , , , , 
Mrs., , , , , , 
Wellington, , , , , , 
Addison, , , , , , 
Sandra, , , , , , 
Nettie, , , , , , 
Fanny, , , , , , 
Mr., , , , , , 
Ms., , , , , , 
Miss, , , , , , 
Ms., , , , , , 
Ms., , , , , , 
Vince, , , , , , 
Scot, , , , , , 
Miss, , , , , , 
Colby, , , , , , 
Mr., , , , , , 
Ms., , , , , , 
Jamaal, , , , , , 
Nicholaus, , , , , , 
Maida, , , , , , 
Jasper, , , , , , 
Rosemarie, , , , , , 
Cortney, , , , , , 
Narciso, , , , , , 
Ms., , , , , , 
Evelyn, , , , , , 
Tristin, , , , , , 
Mohammed, , , , , , 
Miss, , , , , , 
Addison, , , , , , 
Ms., , , , , , 
Nelle, , , , , , 
Mr., , , , , , 
Rose, , , , , , 
Mafalda, , , , , , 
Jaylon, , , , , , 
Miss, , , , , , 
Mr., , , , , , 
Mrs., , , , , , 
Emily, , , , , , 
Eleazar, , , , , , 
Mr., , , , , , 
Allan, , , , , , 
Miss, , , , , , 
Hanna, , , , , , 
Dr., , , , , , 
Dr., , , , , , 
Darien, , , , , , 
Madelyn, , , , , , 
Mrs., , , , , , 
Arne, , , , , , 
Ms., , , , , , 
Jedidiah, , , , , , 
Jacklyn, , , , , , 
Thea, , , , , , 
Damian, , , , , , 
Kevin, , , , , , 
Luis, , , , , , 
Jabari, , , , , , 
Arvilla, , , , , , 
Corene, , , , , , 
Julien, , , , , , 
Sandy, , , , , , 
Mrs., , , , , , 
Miss, , , , , , 
Kailey, , , , , , 
Shane, , , , , , 
Mr., , , , , , 
Cesar, , , , , , 
Mrs., , , , , , 
Tina, , , , , , 
Dr., , , , , , 
Frederique, , , , , , 
Alexie, , , , , , 
Miss, , , , , , 
Erwin, , , , , , 
Kendall, , , , , , 
Claud, , , , , , 
Miss, , , , , , 
Dayana, , , , , , 
Ms., , , , , , 
Mr., , , , , , 
Julia, , , , , , 
Bria, , , , , , 
Ms., , , , , , 
Candace, , , , , , 
Mr., , , , , , 
Ezra, , , , , , 
Ms., , , , , , 
Mr., , , , , , 
Gia, , , , , , 
Dorian, , , , , , 
Mr., , , , , , 
Ms., , , , , , 
Mr., , , , , , 
Clay, , , , , , 
Miss, , , , , , 
Miss, , , , , , 
Dr., , , , , , 
Coty, , , , , , 
Mrs., , , , , , 
Precious, , , , , , 
Abigail, , , , , , 
Elton, , , , , , 
Ethyl, , , , , , 
Dr., , , , , , 
Gregorio, , , , , , 
Mohammad, , , , , , 
Sonya, , , , , , 
Dallas, , , , , , 
Alan, , , , , , 
Emmalee, , , , , , 
Mr., , , , , , 
Rodger, , , , , , 
Rickey, , , , , , 
Charley, , , , , , 
Dr., , , , , , 
Janae, , , , , , 
Ms., , , , , , 
Mr., , , , , , 
Bennie, , , , , , 
Miss, , , , , , 
Tiana, , , , , , 
Garland, , , , , , 
Mrs., , , , , , 
Ms., , , , , , 
Berry, , , , , , 
Shany, , , , , , 
Berneice, , , , , , 
Miss, , , , , , 
Mrs., , , , , , 
Aylin, , , , , , 
Tyra, , , , , , 
Tevin, , , , , , 
Kurtis, , , , , , 
Albina, , , , , , 
Bridie, , , , , , 
Mrs., , , , , , 
Guillermo, , , , , , 
Willy, , , , , , 
Brycen, , , , , , 
Mrs., , , , , , 
Amir, , , , , , 
Mrs., , , , , , 
Kendra, , , , , , 
Nestor, , , , , , 
Ms., , , , , , 
Mr., , , , , , 
Dr., , , , , , 
Mr., , , , , , 
Dr., , , , , , 
Liza, , , , , , 
Miss, , , , , , 
Miss, , , , , , 
Nick, , , , , , 
Marie, , , , , , 
Domenico, , , , , , 
Mrs., , , , , , 
Mr., , , , , , 
Verdie, , , , , , 
Miss, , , , , , 
Dr., , , , , , 
Damaris, , , , , , 
Darien, , , , , , 
Rubie, , , , , , 
Haskell, , , , , , 
Layla, , , , , , 
Jared, , , , , , 
Liza, , , , , , 
Miss, , , , , , 
Dr., , , , , , 
Ms., , , , , , 
Thea, , , , , , 
Penelope, , , , , , 
Presley, , , , , , 
Hiram, , , , , , 
Miss, , , , , , 
Brayan, , , , , , 
Ms., , , , , , 
Rosetta, , , , , , 
Rozella, , , , , , 
Rodger, , , , , , 
Dimitri, , , , , , 
Mrs., , , , , , 
Mr., , , , , , 
Rebekah, , , , , , 
Deshaun, , , , , , 
Ms., , , , , , 
Rickey, , , , , , 
Mr., , , , , , 
Mr., , , , , , 
Clint, , , , , , 
Novella, , , , , , 
Dr., , , , , , 
Pink, , , , , , 
Ms., , , , , , 
Mr., , , , , , 
Janiya, , , , , , 
Kara, , , , , , 
Ansley, , , , , , 
Ms., , , , , , 
Leann, , , , , , 
Lance, , , , , , 
Missouri, , , , , , 
Obie, , , , , , 
Arianna, , , , , , 
Noble, , , , , , 
Uriah, , , , , , 
Jabari, , , , , , 
Mr., , , , , , 
Dr., , , , , , 
Ruth, , , , , , 
Walker, , , , , , 
Nelle, , , , , , 
Braulio, , , , , , 
Dr., , , , , , 
Nicklaus, , , , , , 
Mable, , , , , , 
Hazle, , , , , , 
Khalid, , , , , , 
Roxane, , , , , , 
Ms., , , , , , 
Ms., , , , , , 
Concepcion, , , , , , 
Stanton, , , , , , 
Donnell, , , , , , 
Trystan, , , , , , 
Miss, , , , , , 
Ms., , , , , , 
Lonnie, , , , , , 
Mrs., , , , , , 
Orlo, , , , , , 
Justus, , , , , , 
Mr., , , , , , 
Mrs., , , , , , 
Jayme, , , , , , 
Salvador, , , , , , 
Mr., , , , , , 
Bernhard, , , , , , 
Ms., , , , , , 
Arnulfo, , , , , , 
Bartholome, , , , , , 
Rosendo, , , , , , 
Jimmy, , , , , , 
Creola, , , , , , 
Miss, , , , , , 
Isai, , , , , , 
Mr., , , , , , 
Piper, , , , , , 
Adolph, , , , , , 
Dr., , , , , , 
Nyasia, , , , , , 
Shanna, , , , , , 
Ms., , , , , , 
Eula, , , , , , 
Derick, , , , , , 
Cameron, , , , , , 
Ms., , , , , , 
Ms., , , , , , 
Shaun, , , , , , 
Miss, , , , , , 
Mr., , , , , , 
Mr., , , , , , 
Ms., , , , , , 
Lenore, , , , , , 
Dr., , , , , , 
Verner, , , , , , 
Everette, , , , , , 
Mr., , , , , , 
Kailey, , , , , , 
Mr., , , , , , 
Arlie, , , , , , 
Miss, , , , , , 
Mrs., , , , , , 
Eliane, , , , , , 
Bennett, , , , , , 
Scottie, , , , , , 
Mr., , , , , , 
Dr., , , , , , 
Miss, , , , , , 
Waldo, , , , , , 
Ms., , , , , , 
Dagmar, , , , , , 
Sage, , , , , , 
Isidro, , , , , , 
Eloise, , , , , , 
Dr., , , , , , 
Kristian, , , , , , 
Houston, , , , , , 
Jensen, , , , , , 
Mrs., , , , , , 
Jalon, , , , , , 
Mabel, , , , , , 
Mrs., , , , , , 
Mrs., , , , , , 
Caesar, , , , , , 
Miss, , , , , , 
Ms., , , , , , 
Jacquelyn, , , , , , 
Uriel, , , , , , 
Ms., , , , , , 
Dr., , , , , , 
Miss, , , , , , 
Mrs., , , , , , 
Isabel, , , , , , 
Cyrus, , , , , , 
Mr., , , , , , 
Kristopher, , , , , , 
Dustin, , , , , , 
Kyla, , , , , , 
Lazaro, , , , , , 
Miss, , , , , , 
Niko, , , , , , 
Mr., , , , , , 
Dr., , , , , , 
Mr., , , , , , 
Andres, , , , , , 
Mariana, , , , , , 
Dessie, , , , , , 
Miss, , , , , , 
Gustave, , , , , , 
Edgardo, , , , , , 
Conor, , , , , , 
Miss, , , , , , 
Dalton, , , , , , 
Vladimir, , , , , , 
Herman, , , , , , 
Mr., , , , , , 
Mr., , , , , , 
Mrs., , , , , , 
Barney, , , , , , 
Oma, , , , , , 
Ward, , , , , , 
Martine, , , , , , 
Zena, , , , , , 
Miss, , , , , , 
Dejah, , , , , , 
Anissa, , , , , , 
Kelly, , , , , , 
Erika, , , , , , 
Zoey, , , , , , 
Ms., , , , , , 
Mitchell, , , , , , 
Prince, , , , , , 
Mrs., , , , , , 
Domingo, , , , , , 
Nya, , , , , , 
Dr., , , , , , 
Tod, , , , , , 
Angus, , , , , , 
Camila, , , , , , 
Mrs., , , , , , 
Mr., , , , , , 
Millie, , , , , , 
Xzavier, , , , , , 
Gordon, , , , , , 
Leola, , , , , , 
Miss, , , , , , 
Dennis, , , , , , 
Uriel, , , , , , 
Ms., , , , , , 
Mrs., , , , , , 
Miss, , , , , , 
Miss, , , , , , 
Doyle, , , , , , 
Miss, , , , , , 
Jena, , , , , , 
Wilmer, , , , , , 
Cade, , , , , , 
Gunner, , , , , , 
Miss, , , , , , 
Jace, , , , , , 
Mrs., , , , , , 
Mr., , , , , , 
Gerardo, , , , , , 
Miss, , , , , , 
Miss, , , , , , 
Miss, , , , , , 
Lorenza, , , , , , 
Leilani, , , , , , 
Kenya, , , , , , 
Trystan, , , , , , 
Moriah, , , , , , 
Ms., , , , , , 
Kaela, , , , , , 
Dr., , , , , , 
Chance, , , , , , 
Lew, , , , , , 
Jon, , , , , , 
Jammie, , , , , , 
Raoul, , , , , , 
Ms., , , , , , 
Glenna, , , , , , 
Mr., , , , , , 
Bobbie, , , , , , 
Dr., , , , , , 
Vaughn, , , , , , 
Christy, , , , , , 
Bailee, , , , , , 
Milo, , , , , , 
Miss, , , , , , 
Jakayla, , , , , , 
Ms., , , , , , 
Mr., , , , , , 
Nels, , , , , , 
Dr., , , , , , 
Dr., , , , , , 
Mr., , , , , , 
Coy, , , , , , 
Robyn, , , , , , 
Susan, , , , , , 
Mr., , , , , , 
Mr., , , , , , 
Camila, , , , , , 
Florine, , , , , , 
Miss, , , , , , 
Hilton, , , , , , 
Ezra, , , , , , 
Emmet, , , , , , 
Lauriane, , , , , , 
Ms., , , , , , 
Fannie, , , , , , 
Damaris, , , , , , 
Ms., , , , , , 
Jacques, , , , , , 
Miss, , , , , , 
Mr., , , , , , 
Mr., , , , , , 
Caleb, , , , , , 
Dr., , , , , , 
Miss, , , , , , 
Clair, , , , , , 
Miss, , , , , , 
Ms., , , , , , 
Ms., , , , , , 
Kelsi, , , , , , 
Mrs., , , , , , 
Lauriane, , , , , , 
Evans, , , , , , 
Rita, , , , , , 
Miss, , , , , , 
Lilly, , , , , , 
Hailie, , , , , , 
Miss, , , , , , 
Talon, , , , , , 
Mrs., , , , , , 
Icie, , , , , , 
Jacky, , , , , , 
Kim, , , , , , 
Ms., , , , , , 
Mrs., , , , , , 
Geovany, , , , , , 
Izabella, , , , , , 
Miss, , , , , , 
Berry, , , , , , 
Izabella, , , , , , 
Elwin, , , , , , 
Collin, , , , , , 
Mrs., , , , , , 
Ms., , , , , , 
Mrs., , , , , , 
Mrs., , , , , , 
Miss, , , , , , 
Bianka, , , , , , 
Ellen, , , , , , 
Dr., , , , , , 
Miles, , , , , , 
Heath, , , , , , 
Yvette, , , , , , 
Miss, , , , , , 
Alysa, , , , , , 
Janelle, , , , , , 
Mr., , , , , , 
Mozelle, , , , , , 
Mrs., , , , , , 
Domingo, , , , , , 
Lorenz, , , , , , 
Clint, , , , , , 
Miss, , , , , , 
Ms., , , , , , 
Dane, , , , , , 
Diana, , , , , , 
Tyree, , , , , , 
Miss, , , , , , 
Anais, , , , , , 
Dr., , , , , , 
Wilburn, , , , , , 
Summer, , , , , , 
Shaina, , , , , , 
Joanny, , , , , , 
Elody, , , , , , 
Elody, , , , , , 
Brook, , , , , , 
Jane, , , , , , 
Tyrel, , , , , , 
Jewell, , , , , , 
Jordyn, , , , , , 
Mrs., , , , , , 
Woodrow, , , , , , 
Aditya, , , , , , 
Gene, , , , , , 
Mr., , , , , , 
Alek, , , , , , 
Ilene, , , , , , 
Ms., , , , , , 
Mr., , , , , , 
Raina, , , , , , 
Anjali, , , , , , 
Haley, , , , , , 
Daija, , , , , , 
Rodrick, , , , , , 
Dr., , , , , , 
Adan, , , , , , 
Mrs., , , , , , 
Favian, , , , , , 
Mr., , , , , , 
Christop, , , , , , 
Magdalen, , , , , , 
Angelina, , , , , , 
Dr., , , , , , 
Dr., , , , , , 
Dr., , , , , , 
Kenton, , , , , , 
Mr., , , , , , 
Mrs., , , , , , 
Ardella, , , , , , 
Miles, , , , , , 
Mohamed, , , , , , 
Muriel, , , , , , 
Miss, , , , , , 
Mrs., , , , , , 
Trenton, , , , , , 
Miss, , , , , , 
Dr., , , , , , 
Ms., , , , , , 
Eunice, , , , , , 
Aiyana, , , , , , 
Velva, , , , , , 
Dannie, , , , , , 
Rosetta, , , , , , 
Sherwood, , , , , , 
Mrs., , , , , , 
Ms., , , , , , 
Miss, , , , , , 
Mr., , , , , , 
Fatima, , , , , , 
Efrain, , , , , , 
Miss, , , , , , 
Boyd, , , , , , 
Mrs., , , , , , 
Stanton, , , , , , 
Maximillia, , , , , , 
Rosemary, , , , , , 
Shanna, , , , , , 
Arnulfo, , , , , , 
Ms., , , , , , 
Eileen, , , , , , 
Mr., , , , , , 
Mr., , , , , , 
Dr., , , , , , 
Lola, , , , , , 
Leila, , , , , , 
Hertha, , , , , , 
Judson, , , , , , 
Eusebio, , , , , , 
Katarina, , , , , , 
Ms., , , , , , 
Brenden, , , , , , 
Ms., , , , , , 
Trace, , , , , , 
Ms., , , , , , 
Ena, , , , , , 
Pascale, , , , , , 
Ulices, , , , , , 
Miss, , , , , , 
Hilton, , , , , , 
Abigale, , , , , , 
Montana, , , , , , 
Madeline, , , , , , 
Alberto, , , , , , 
Savanah, , , , , , 
Dr., , , , , , 
Mr., , , , , , 
Mrs., , , , , , 
Ray, , , , , , 
Mr., , , , , , 
Juvenal, , , , , , 
Miss, , , , , , 
Mrs., , , , , , 
Caleigh, , , , , , 
Amalia, , , , , , 
Anjali, , , , , , 
Richmond, , , , , , 
Joe, , , , , , 
Raleigh, , , , , , 
Jerome, , , , , , 
Miss, , , , , , 
Mrs., , , , , , 
Ms., , , , , , 
Dr., , , , , , 
Amelie, , , , , , 
Pearl, , , , , , 
Shania, , , , , , 
Paxton, , , , , , 
Miss, , , , , , 
Karlee, , , , , , 
Chasity, , , , , , 
Mr., , , , , , 
Miss, , , , , , 
Shayne, , , , , , 
Mrs., , , , , , 
Miss, , , , , , 
Ms., , , , , , 
Mr., , , , , , 
Kariane, , , , , , 
Dr., , , , , , 
Dr., , , , , , 
Carson, , , , , , 
Golden, , , , , , 
Mr., , , , , , 
Dr., , , , , , 
Mrs., , , , , , 
Dr., , , , , , 
Dr., , , , , , 
Mrs., , , , , , 
Miss, , , , , , 
Madalyn, , , , , , 
Ricardo, , , , , , 
Ms., , , , , , 
Darian, , , , , , 
Prudence, , , , , , 
Dr., , , , , , 
Dudley, , , , , , 
Miss, , , , , , 
Ethel, , , , , , 
Garfield, , , , , , 
Mrs., , , , , , 
Michaela, , , , , , 
Ms., , , , , , 
Landen, , , , , , 
Silas, , , , , , 
Miss, , , , , , 
Saige, , , , , , 
Jordy, , , , , , 
Jovanny, , , , , , 
Maude, , , , , , 
Eric, , , , , , 
Mrs., , , , , , 
Juanita, , , , , , 
Quinn, , , , , , 
Dino, , , , , , 
Mr., , , , , , 
Mrs., , , , , , 
Dr., , , , , , 
Mrs., , , , , , 
Branson, , , , , , 
Maritza, , , , , , 
Ms., , , , , , 
Cruz, , , , , , 
Ivory, , , , , , 
Vesta, , , , , , 
Adriana, , , , , , 
Layla, , , , , , 
Linda, , , , , , 
Mr., , , , , , 
Elza, , , , , , 
Addison, , , , , , 
Ivah, , , , , , 
Carmelo, , , , , , 
Miss, , , , , , 
Susie, , , , , , 
Mrs., , , , , , 
Nikita, , , , , , 
Raul, , , , , , 
Yadira, , , , , , 
Katelynn, , , , , , 
Miss, , , , , , 
Dr., , , , , , 
Enoch, , , , , , 
Dr., , , , , , 
Al, , , , , , 
Anjali, , , , , , 
Mrs., , , , , , 
Mr., , , , , , 
Immanuel, , , , , , 
Mia, , , , , , 
Christina, , , , , , 
Abdul, , , , , , 
Delores, , , , , , 
Clay, , , , , , 
Enola, , , , , , 
Carole, , , , , , 
Citlalli, , , , , , 
Dave, , , , , , 
Ms., , , , , , 
Ms., , , , , , 
Mr., , , , , , 
Burnice, , , , , , 
Abdul, , , , , , 
Doris, , , , , , 
Holly, , , , , , 
Tracey, , , , , , 
Nelle, , , , , , 
Tristian, , , , , , 
Henderson, , , , , , 
Ms., , , , , , 
Ms., , , , , , 
Dr., , , , , , 
Matilda, , , , , , 
Imelda, , , , , , 
Chadrick, , , , , , 
Marie, , , , , , 
Mrs., , , , , , 
Twila, , , , , , 
Rasheed, , , , , , 
Dr., , , , , , 
Mr., , , , , , 
Barton, , , , , , 
Isom, , , , , , 
Lisandro, , , , , , 
Mr., , , , , , 
Hilda, , , , , , 
Erik, , , , , , 
Mrs., , , , , , 
Dr., , , , , , 
Perry, , , , , , 
Mr., , , , , , 
Carlo, , , , , , 
Mrs., , , , , , 
Mr., , , , , , 
Amber, , , , , , 
Americo, , , , , , 
Domenic, , , , , , 
Violet, , , , , , 
Archibald, , , , , , 
Mr., , , , , , 
Kaelyn, , , , , , 
Gilberto, , , , , , 
Margarette, , , , , , 
Earnest, , , , , , 
Archibald, , , , , , 
Julia, , , , , , 
Joanny, , , , , , 
Ms., , , , , , 
Tod, , , , , , 
Miss, , , , , , 
Bret, , , , , , 
Adam, , , , , , 
Terrill, , , , , , 
Adrienne, , , , , , 
Miss, , , , , , 
Ms., , , , , , 
Ms., , , , , , 
Kelsi, , , , , , 
Juanita, , , , , , 
Miss, , , , , , 
Catherine, , , , , , 
Jakayla, , , , , , 
Jimmy, , , , , , 
Dr., , , , , , 
Adrienne, , , , , , 
Manuela, , , , , , 
Willis, , , , , , 
Ms., , , , , , 
Evert, , , , , , 
Jovanny, , , , , , 
Angela, , , , , , 
Freddie, , , , , , 
Mrs., , , , , , 
Cornelius, , , , , , 
Miss, , , , , , 
Mr., , , , , , 
Shawna, , , , , , 
Alessia, , , , , , 
Mr., , , , , , 
Kianna, , , , , , 
Humberto, , , , , , 
Dr., , , , , , 
Clementine, , , , , , 
Simone, , , , , , 
Precious, , , , , , 
Rahul, , , , , , 
Chanelle, , , , , , 
Verner, , , , , , 
Kyra, , , , , , 
Reta, , , , , , 
Shany, , , , , , 
Mrs., , , , , , 
Delphine, , , , , , 
Audrey, , , , , , 
Miss, , , , , , 
Daija, , , , , , 
Hermina, , , , , , 
Ms., , , , , , 
Dashawn, , , , , , 
Lucinda, , , , , , 
Mr., , , , , , 
Dr., , , , , , 
Mr., , , , , , 
Miss, , , , , , 
Mr., , , , , , 
Dr., , , , , , 
Golda, , , , , , 
Estelle, , , , , , 
Kendra, , , , , , 
Luisa, , , , , , 
Dr., , , , , , 
Opal, , , , , , 
Ruby, , , , , , 
Mrs., , , , , , 
Else, , , , , , 
Gaylord, , , , , , 
Edwin, , , , , , 
Rosario, , , , , , 
Miss, , , , , , 
Miss, , , , , , 
Ms., , , , , , 
Miss, , , , , , 
Jarrell, , , , , , 
Mr., , , , , , 
Annabelle, , , , , , 
Mr., , , , , , 
Mr., , , , , , 
Ms., , , , , , 
Mr., , , , , , 
Tillman, , , , , , 
Ayden, , , , , , 
Jeramie, , , , , , 
Crystel, , , , , , 
Dr., , , , , , 
Eudora, , , , , , 
Dejon, , , , , , 
Miss, , , , , , 
Christine, , , , , , 
Hector, , , , , , 
Alvina, , , , , , 
Yvette, , , , , , 
Mrs., , , , , , 
Wyman, , , , , , 
Dr., , , , , , 
Grayce, , , , , , 
Sally, , , , , , 
Remington, , , , , , 
Mrs., , , , , , 
Arden, , , , , , 
Miss, , , , , , 
Damon, , , , , , 
Jayde, , , , , , 
Irving, , , , , , 
Hudson, , , , , , 
Rosella, , , , , , 
Deangelo, , , , , , 
Mr., , , , , , 
Mrs., , , , , , 
Ms., , , , , , 
Leopold, , , , , , 
Ms., , , , , , 
Mrs., , , , , , 
Fanny, , , , , , 
Darwin, , , , , , 
Flo, , , , , , 
Miss, , , , , , 
Flo, , , , , , 
Vesta, , , , , , 
Mr., , , , , , 
Leonard, , , , , , 
Deborah, , , , , , 
Nona, , , , , , 
Mr., , , , , , 
Mrs., , , , , , 
Isabel, , , , , , 
Lorenzo, , , , , , 
Miss, , , , , , 
Hiram, , , , , , 
Burley, , , , , , 
Miss, , , , , , 
Ms., , , , , , 
Chesley, , , , , , 
Jerod, , , , , , 
Randal, , , , , , 
Kristoffer, , , , , , 
Mr., , , , , , 
Dr., , , , , , 
Torey, , , , , , 
Miss, , , , , , 
Crystel, , , , , , 
Miss, , , , , , 
Daphnee, , , , , , 
Ms., , , , , , 
Joe, , , , , , 
Anna, , , , , , 
Mr., , , , , , 
Akeem, , , , , , 
Aubrey, , , , , , 
Dr., , , , , , 
Mrs., , , , , , 
Miss, , , , , , 
Mrs., , , , , , 
Miss, , , , , , 
Dr., , , , , , 
Mr., , , , , , 
Kailee, , , , , , 
Ms., , , , , , 
Reinhold, , , , , , 
Miss, , , , , , 
Katlynn, , , , , , 
Mr., , , , , , 
Rachel, , , , , , 
Kaycee, , , , , , 
Rodolfo, , , , , , 
Katelyn, , , , , , 
Mrs., , , , , , 
Andy, , , , , , 
Briana, , , , , , 
Miss, , , , , , 
Rosamond, , , , , , 
Mrs., , , , , , 
Tierra, , , , , , 
Lily, , , , , , 
Gene, , , , , , 
Filiberto, , , , , , 
Marquise, , , , , , 
Darwin, , , , , , 
Danika, , , , , , 
Oral, , , , , , 
Ms., , , , , , 
Rudy, , , , , , 
Miss, , , , , , 
Miss, , , , , , 
Antonietta, , , , , , 
Mrs., , , , , , 
Leta, , , , , , 
Shanna, , , , , , 
Aubree, , , , , , 
Catalina, , , , , , 
Kelli, , , , , , 
Grady, , , , , , 
Lelia, , , , , , 
Corine, , , , , , 
Leonor, , , , , , 
Ashlee, , , , , , 
Mr., , , , , , 
Tristian, , , , , , 
Antonio, , , , , , 
Clara, , , , , , 
Demetris, , , , , , 
Albert, , , , , , 
Trace, , , , , , 
Rex, , , , , , 
Lillian, , , , , , 
Hadley, , , , , , 
Irwin, , , , , , 
Wendell, , , , , , 
Moriah, , , , , , 
Mr., , , , , , 
Mr., , , , , , 
Alf, , , , , , 
Gene, , , , , , 
Carlotta, , , , , , 
Paolo, , , , , , 
Jairo, , , , , , 
Ebony, , , , , , 
Shaylee, , , , , , 
Miss, , , , , , 
Stephon, , , , , , 
Arvel, , , , , , 
Ms., , , , , , 
Elody, , , , , , 
Mikayla, , , , , , 
Else, , , , , , 
Hank, , , , , , 
Herta, , , , , , 
Ms., , , , , , 
Freeman, , , , , , 
Corrine, , , , , , 
Mrs., , , , , , 
Jamey, , , , , , 
Lia, , , , , , 
Melba, , , , , , 
Miss, , , , , , 
Kellie, , , , , , 
Mr., , , , , , 
Cristobal, , , , , , 
Constance, , , , , , 
Ari, , , , , , 
Alyce, , , , , , 
Johnnie, , , , , , 
Miss, , , , , , 
Mrs., , , , , , 
Dr., , , , , , 
Miss, , , , , , 
Dr., , , , , , 
Dr., , , , , , 
Mr., , , , , , 
Ms., , , , , , 
Dr., , , , , , 
Ms., , , , , , 
Buddy, , , , , , 
Miss, , , , , , 
Miss, , , , , , 
Miss, , , , , , 
Mr., , , , , , 
Lorenz, , , , , , 
Mrs., , , , , , 
Sonia, , , , , , 
Ms., , , , , , 
Simeon, , , , , , 
Misty, , , , , , 
Titus, , , , , , 
Miss, , , , , , 
Abe, , , , , , 
Mrs., , , , , , 
Mrs., , , , , , 
Ericka, , , , , , 
Mr., , , , , , 
Triston, , , , , , 
Miss, , , , , , 
Mr., , , , , , 
Amaya, , , , , , 
Jovan, , , , , , 
Terrill, , , , , , 
Ms., , , , , , 
Dr., , , , , , 
Mr., , , , , , 
Ms., , , , , , 
Christophe, , , , , , 
Dr., , , , , , 
Tamia, , , , , , 
Mr., , , , , , 
Raheem, , , , , , 
Tevin, , , , , , 
Dayton, , , , , , 
Anya, , , , , , 
Mrs., , , , , , 
Mrs., , , , , , 
Mr., , , , , , 
Dr., , , , , , 
Madonna, , , , , , 
Miss, , , , , , 
Ms., , , , , , 
Rashad, , , , , , 
Korbin, , , , , , 
Mrs., , , , , , 
Tristian, , , , , , 
Gunnar, , , , , , 
Odessa, , , , , , 
Mrs., , , , , , 
Jaydon, , , , , , 
Adolph, , , , , , 
Mr., , , , , , 
Neva, , , , , , 
Bernie, , , , , , 
Easter, , , , , , 
Graham, , , , , , 
Mrs., , , , , , 
Dr., , , , , , 
Samir, , , , , , 
Gina, , , , , , 
Zachariah, , , , , , 
Mr., , , , , , 
Fernando, , , , , , 
Mr., , , , , , 
Mrs., , , , , , 
Elsie, , , , , , 
Dr., , , , , , 
Mireya, , , , , , 
Loy, , , , , , 
Mrs., , , , , , 
Megane, , , , , , 
Jennifer, , , , , , 
Ms., , , , , , 
Jodie, , , , , , 
Trent, , , , , , 
Ms., , , , , , 
Mrs., , , , , , 
Kayla, , , , , , 
Mr., , , , , , 
Mr., , , , , , 
Miss, , , , , , 
Kristian, , , , , , 
Trinity, , , , , , 
Cydney, , , , , , 
Dr., , , , , , 
Mr., , , , , , 
Mrs., , , , , , 
Mrs., , , , , , 
Cristian, , , , , , 
Clair, , , , , , 
Theo, , , , , , 
Fabian, , , , , , 
Keyshawn, , , , , , 
Ms., , , , , , 
Mr., , , , , , 
Estefania, , , , , , 
Martin, , , , , , 
Grace, , , , , , 
Alta, , , , , , 
Mr., , , , , , 
Ben, , , , , , 
Vern, , , , , , 
Bernadine, , , , , , 
Dr., , , , , , 
Ms., , , , , , 
Miss, , , , , , 
Estefania, , , , , , 
Mrs., , , , , , 
April, , , , , , 
Ignatius, , , , , , 
Dr., , , , , , 
Mrs., , , , , , 
Lexi, , , , , , 
Ms., , , , , , 
Miss, , , , , , 
Arely, , , , , , 
Jordon, , , , , , 
Claudie, , , , , , 
Kip, , , , , , 
Albin, , , , , , 
Miss, , , , , , 
Ernest, , , , , , 
Liana, , , , , , 
Ms., , , , , , 
Chase, , , , , , 
Jazmyn, , , , , , 
Miss, , , , , , 
Ms., , , , , , 
Dr., , , , , , 
Mrs., , , , , , 
Dr., , , , , , 
Miss, , , , , , 
Brando, , , , , , 
Ms., , , , , , 
Elroy, , , , , , 
Letitia, , , , , , 
Miss, , , , , , 
Mrs., , , , , , 
Dr., , , , , , 
Ms., , , , , , 
Danial, , , , , , 
Elliott, , , , , , 
Deondre, , , , , , 
Ms., , , , , , 
Mekhi, , , , , , 
Brenden, , , , , , 
Mr., , , , , , 
Dr., , , , , , 
Darlene, , , , , , 
Juwan, , , , , , 
Antwon, , , , , , 
Dr., , , , , , 
Mr., , , , , , 
Karelle, , , , , , 
Adriel, , , , , , 
Mrs., , , , , , 
Ms., , , , , , 
Clarissa, , , , , , 
Mrs., , , , , , 
Gretchen, , , , , , 
Dr., , , , , , 
Dr., , , , , , 
Mrs., , , , , , 
Mr., , , , , , 
Angelina, , , , , , 
Mr., , , , , , 
Ms., , , , , , 
Mr., , , , , , 
Agnes, , , , , , 
Rogers, , , , , , 
Miss, , , , , , 
Theresia, , , , , , 
Hipolito, , , , , , 
Ms., , , , , , 
Jerry, , , , , , 
Candice, , , , , , 
America, , , , , , 
Mr., , , , , , 
Madelyn, , , , , , 
Melany, , , , , , 
Ms., , , , , , 
Ima, , , , , , 
Isabella, , , , , , 
June, , , , , , 
Gilberto, , , , , , 
Mrs., , , , , , 
Mrs., , , , , , 
Miss, , , , , , 
Ferne, , , , , , 
Katarina, , , , , , 
Emery, , , , , , 
Mr., , , , , , 
Mrs., , , , , , 
Bobbie, , , , , , 
Theodore, , , , , , 
Elton, , , , , , 
Aaliyah, , , , , , 
Dr., , , , , , 
Ms., , , , , , 
Kristopher, , , , , , 
Karson, , , , , , 
Mr., , , , , , 
Mariane, , , , , , 
Nels, , , , , , 
Juwan, , , , , , 
Jettie, , , , , , 
Miss, , , , , , 
Mr., , , , , , 
Jovani, , , , , , 
Marques, , , , , , 
Adrianna, , , , , , 
Everett, , , , , , 
Mr., , , , , , 
Miss, , , , , , 
Beryl, , , , , , 
Gregorio, , , , , , 
Mertie, , , , , , 
Levi, , , , , , 
Jadyn, , , , , , 
Gia, , , , , , 
Ms., , , , , , 
Iva, , , , , , 
Mr., , , , , , 
Gregorio, , , , , , 
Devan, , , , , , 
Dr., , , , , , 
Marge, , , , , , 
Vivian, , , , , , 
Jakob, , , , , , 
Miss, , , , , , 
Miss, , , , , , 
Edna, , , , , , 
General, , , , , , 
Miss, , , , , , 
Sabina, , , , , , 
Mr., , , , , , 
Mrs., , , , , , 
Delilah, , , , , , 
Mrs., , , , , , 
Mathias, , , , , , 
Zola, , , , , , 
Miss, , , , , , 
Colt, , , , , , 
Veda, , , , , , 
Deonte, , , , , , 
Ms., , , , , , 
Mr., , , , , , 
Mrs., , , , , , 
Cortney, , , , , , 
Destinee, , , , , , 
Brian, , , , , , 
Dr., , , , , , 
Hortense, , , , , , 
Miss, , , , , , 
Jeffrey, , , , , , 
Alessandro, , , , , , 
Lonzo, , , , , , 
Dr., , , , , , 
Tamara, , , , , , 
Dr., , , , , , 
Annetta, , , , , , 
Eli, , , , , , 
Miss, , , , , , 
Ms., , , , , , 
Melyssa, , , , , , 
Mr., , , , , , 
Dr., , , , , , 
Bill, , , , , , 
Mr., , , , , , 
Esta, , , , , , 
Mr., , , , , , 
Gwendolyn, , , , , , 
Jerrod, , , , , , 
Skye, , , , , , 
Dr., , , , , , 
Kaden, , , , , , 
Santa, , , , , , 
Darrion, , , , , , 
Cornell, , , , , , 
Brain, , , , , , 
Miss, , , , , , 
Hannah, , , , , , 
Miss, , , , , , 
Mrs., , , , , , 
Mr., , , , , , 
Mrs., , , , , , 
Jana, , , , , , 
Ms., , , , , , 
Miss, , , , , , 
Burley, , , , , , 
Sylvester, , , , , , 
Mrs., , , , , , 
Dr., , , , , , 
Tyrell, , , , , , 
Mr., , , , , , 
Mr., , , , , , 
Caesar, , , , , , 
Yoshiko, , , , , , 
Emmanuelle, , , , , , 
Norbert, , , , , , 
Shanelle, , , , , , 
Mr., , , , , , 
Rodrick, , , , , , 
Mr., , , , , , 
Mrs., , , , , , 
Mrs., , , , , , 
Mariane, , , , , , 
Mrs., , , , , , 
Chadd, , , , , , 
Isom, , , , , , 
Mrs., , , , , , 
Miss, , , , , , 
Mrs., , , , , , 
Loy, , , , , , 
Dr., , , , , , 
Mr., , , , , , 
Melody, , , , , , 
Jany, , , , , , 
Camila, , , , , , 
Ms., , , , , , 
Ms., , , , , , 
Lane, , , , , , 
Miss, , , , , , 
Ms., , , , , , 
Dillan, , , , , , 
Evangeline, , , , , , 
Roxane, , , , , , 
Miguel, , , , , , 
Kamron, , , , , , 
Letitia, , , , , , 
Ilene, , , , , , 
Norris, , , , , , 
Liza, , , , , , 
Mr., , , , , , 
Karolann, , , , , , 
Louie, , , , , , 
Jazmin, , , , , , 
Ms., , , , , , 
Miss, , , , , , 
Ada, , , , , , 
Vergie, , , , , , 
Baron, , , , , , 
Dr., , , , , , 
Ms., , , , , , 
Josefa, , , , , , 
Miss, , , , , , 
Mrs., , , , , , 
Damon, , , , , , 
Ms., , , , , , 
Odessa, , , , , , 
Mr., , , , , , 
Travon, , , , , , 
Mrs., , , , , , 
Victor, , , , , , 
Theodore, , , , , , 
Dr., , , , , , 
Mazie, , , , , , 
Percy, , , , , , 
Angelita, , , , , , 
Dr., , , , , , 
Laura, , , , , , 
Rowena, , , , , , 
Idell, , , , , , 
Ms., , , , , , 
Miss, , , , , , 
Mrs., , , , , , 
Mr., , , , , , 
Miss, , , , , , 
Delmer, , , , , , 
Mr., , , , , , 
Nils, , , , , , 
Ms., , , , , , 
Jayson, , , , , , 
Carolyn, , , , , , 
Daisy, , , , , , 
Mr., , , , , , 
April, , , , , , 
Dr., , , , , , 
Mrs., , , , , , 
Miss, , , , , , 
Ms., , , , , , 
Dr., , , , , , 
Zoila, , , , , , 
Amelia, , , , , , 
Issac, , , , , , 
Mrs., , , , , , 
Mrs., , , , , , 
Delilah, , , , , , 
Ms., , , , , , 
Mrs., , , , , , 
Howell, , , , , , 
Letitia, , , , , , 
Cletus, , , , , , 
Mrs., , , , , , 
Clare, , , , , , 
Kay, , , , , , 
Mr., , , , , , 
Mr., , , , , , 
Kelly, , , , , , 
Garrett, , , , , , 
Dr., , , , , , 
Bobby, , , , , , 
Dr., , , , , , 
Kennedi, , , , , , 
Jacynthe, , , , , , 
Coby, , , , , , 
Lyla, , , , , , 
Adolf, , , , , , 
Dr., , , , , , 
Mr., , , , , , 
Dr., , , , , , 
Shayna, , , , , , 
Angela, , , , , , 
Eugene, , , , , , 
Nia, , , , , , 
Ms., , , , , , 
Ms., , , , , , 
Maribel, , , , , , 
Miss, , , , , , 
Gregorio, , , , , , 
Dorcas, , , , , , 
Mrs., , , , , , 
Judson, , , , , , 
Murphy, , , , , , 
Bradford, , , , , , 
Mrs., , , , , , 
Valerie, , , , , , 
Mrs., , , , , , 
Kaylie, , , , , , 
Helena, , , , , , 
Miss, , , , , , 
Dr., , , , , , 
Bernard, , , , , , 
Maddison, , , , , , 
Marietta, , , , , , 
Lavinia, , , , , , 
Dr., , , , , , 
Gerson, , , , , , 
Abner, , , , , , 
Ms., , , , , , 
Frederique, , , , , , 
Jeanie, , , , , , 
Mrs., , , , , , 
Ms., , , , , , 
Mrs., , , , , , 
Reilly, , , , , , 
Miss, , , , , , 
Dejon, , , , , , 
Kaylin, , , , , , 
Alvah, , , , , , 
Ms., , , , , , 
Isai, , , , , , 
Gabriel, , , , , , 
Darlene, , , , , , 
Camren, , , , , , 
Israel, , , , , , 
Miss, , , , , , 
Earnest, , , , , , 
Dr., , , , , , 
Trinity, , , , , , 
Josue, , , , , , 
Mervin, , , , , , 
Serenity, , , , , , 
Mortimer, , , , , , 
Mr., , , , , , 
Mr., , , , , , 
Dr., , , , , , 
Juvenal, , , , , , 
Dr., , , , , , 
Mr., , , , , , 
Darius, , , , , , 
Ms., , , , , , 
Jamil, , , , , , 
Thora, , , , , , 
Sincere, , , , , , 
Ms., , , , , , 
Hyman, , , , , , 
Miss, , , , , , 
Frederique, , , , , , 
Dr., , , , , , 
Petra, , , , , , 
Mallie, , , , , , 
Garett, , , , , , 
Mr., , , , , , 
Delphine, , , , , , 
Lowell, , , , , , 
Miss, , , , , , 
Robin, , , , , , 
Gideon, , , , , , 
Mrs., , , , , , 
Raina, , , , , , 
Stephany, , , , , , 
Garland, , , , , , 
Mr., , , , , , 
Miss, , , , , , 
Irma, , , , , , 
Abraham, , , , , , 
Janet, , , , , , 
Chaim, , , , , , 
Titus, , , , , , 
Trevor, , , , , , 
Ms., , , , , , 
Mr., , , , , , 
Dr., , , , , , 
Myrtice, , , , , , 
Megane, , , , , , 
Rachelle, , , , , , 
Tierra, , , , , , 
Mr., , , , , , 
Leonel, , , , , , 
Marcelina, , , , , , 
Delmer, , , , , , 
Mrs., , , , , , 
Eldridge, , , , , , 
Mrs., , , , , , 
Mrs., , , , , , 
Jared, , , , , , 
Miss, , , , , , 
Paris, , , , , , 
Angelo, , , , , , 
Ms., , , , , , 
Hipolito, , , , , , 
Gavin, , , , , , 
Danika, , , , , , 
Dr., , , , , , 
Mrs., , , , , , 
Adrianna, , , , , , 
Kasey, , , , , , 
Dayne, , , , , , 
Regan, , , , , , 
Celestino, , , , , , 
Howard, , , , , , 
Miss, , , , , , 
Clyde, , , , , , 
Mr., , , , , , 
Mrs., , , , , , 
Orland, , , , , , 
Miss, , , , , , 
Mrs., , , , , , 
Yessenia, , , , , , 
Mr., , , , , , 
Zelma, , , , , , 
Willa, , , , , , 
Mr., , , , , , 
Gracie, , , , , , 
Ms., , , , , , 
Mr., , , , , , 
Sally, , , , , , 
Mrs., , , , , , 
Ms., , , , , , 
Rosalia, , , , , , 
Muhammad, , , , , , 
Mrs., , , , , , 
Samara, , , , , , 
Devon, , , , , , 
Mr., , , , , , 
Josiah, , , , , , 
Lucie, , , , , , 
Jerald, , , , , , 
Antonette, , , , , , 
Mr., , , , , , 
Mrs., , , , , , 
Marques, , , , , , 
Brenden, , , , , , 
Modesta, , , , , , 
Mrs., , , , , , 
Letitia, , , , , , 
Mrs., , , , , , 
Orland, , , , , , 
Mrs., , , , , , 
Sydnie, , , , , , 
Jennyfer, , , , , , 
Ottis, , , , , , 
Sage, , , , , , 
Miss, , , , , , 
Mr., , , , , , 
Brianne, , , , , , 
Daphney, , , , , , 
Brady, , , , , , 
Ms., , , , , , 
Joelle, , , , , , 
Mr., , , , , , 
Lenore, , , , , , 
Lawrence, , , , , , 
Mrs., , , , , , 
Darby, , , , , , 
Jeramy, , , , , , 
Darien, , , , , , 
Retta, , , , , , 
Ms., , , , , , 
Alvera, , , , , , 
Krystal, , , , , , 
Chester, , , , , , 
Ressie, , , , , , 
Kenton, , , , , , 
Frank, , , , , , 
Miss, , , , , , 
Mrs., , , , , , 
Jeffery, , , , , , 
Foster, , , , , , 
Jalon, , , , , , 
Randi, , , , , , 
Sarai, , , , , , 
Eino, , , , , , 
Hester, , , , , , 
Mrs., , , , , , 
Dusty, , , , , , 
Ms., , , , , , 
Kylee, , , , , , 
Eveline, , , , , , 
Mrs., , , , , , 
Shawna, , , , , , 
Mr., , , , , , 
Kelton, , , , , , 
Ms., , , , , , 
Mr., , , , , , 
Jonas, , , , , , 
Mrs., , , , , , 
Mrs., , , , , , 
Jaycee, , , , , , 
Amara, , , , , , 
Sadye, , , , , , 
Providenci, , , , , , 
Alberto, , , , , , 
Lily, , , , , , 
Schuyler, , , , , , 
Ms., , , , , , 
Sandrine, , , , , , 
Nicklaus, , , , , , 
Dr., , , , , , 
Dr., , , , , , 
Dr., , , , , , 
Itzel, , , , , , 
Jocelyn, , , , , , 
Dr., , , , , , 
Mrs., , , , , , 
Miss, , , , , , 
Cristina, , , , , , 
Emmet, , , , , , 
Mrs., , , , , , 
Declan, , , , , , 
Ashlee, , , , , , 
Mrs., , , , , , 
Kamille, , , , , , 
Glennie, , , , , , 
Macie, , , , , , 
Dr., , , , , , 
Miss, , , , , , 
Mrs., , , , , , 
Mr., , , , , , 
Mr., , , , , , 
Dr., , , , , , 
Lucienne, , , , , , 
Miss, , , , , , 
Alek, , , , , , 
Jodie, , , , , , 
Dr., , , , , , 
Daryl, , , , , , 
Mr., , , , , , 
Dariana, , , , , , 
Rebeca, , , , , , 
Ms., , , , , , 
Miss, , , , , , 
Herman, , , , , , 
Lamar, , , , , , 
Florencio, , , , , , 
Dr., , , , , , 
Mrs., , , , , , 
Jerel, , , , , , 
Mrs., , , , , , 
Parker, , , , , , 
Miss, , , , , , 
Romaine, , , , , , 
Sallie, , , , , , 
Dandre, , , , , , 
Gabrielle, , , , , , 
Golden, , , , , , 
Ms., , , , , , 
Antwon, , , , , , 
Giuseppe, , , , , , 
Samantha, , , , , , 
Dr., , , , , , 
Dr., , , , , , 
Dejah, , , , , , 
Miss, , , , , , 
Rodger, , , , , , 
General, , , , , , 
Ms., , , , , , 
Antoinette, , , , , , 
Mr., , , , , , 
Sigmund, , , , , , 
Wendell, , , , , , 
Willard, , , , , , 
Dr., , , , , , 
Ms., , , , , , 
Abbigail, , , , , , 
Gabrielle, , , , , , 
Taya, , , , , , 
Miss, , , , , , 
Madonna, , , , , , 
Nayeli, , , , , , 
Mr., , , , , , 
Dr., , , , , , 
Miss, , , , , , 
Rosario, , , , , , 
Cecile, , , , , , 
Cleveland, , , , , , 
Willis, , , , , , 
Miss, , , , , , 
Reagan, , , , , , 
Ms., , , , , , 
Mrs., , , , , , 
Dr., , , , , , 
Miss, , , , , , 
Arno, , , , , , 
Dr., , , , , , 
Mrs., , , , , , 
Henderson, , , , , , 
Dr., , , , , , 
Burdette, , , , , , 
Lacy, , , , , , 
Elmer, , , , , , 
Daija, , , , , , 
Mrs., , , , , , 
Jennings, , , , , , 
Ms., , , , , , 
Ms., , , , , , 
Ms., , , , , , 
Fletcher, , , , , , 
Brionna, , , , , , 
Ms., , , , , , 
Oda, , , , , , 
Ora, , , , , , 
Dejon, , , , , , 
Derick, , , , , , 
Miss, , , , , , 
Miss, , , , , , 
Maximillia, , , , , , 
Virgil, , , , , , 
Jace, , , , , , 
Garland, , , , , , 
Llewellyn, , , , , , 
Miss, , , , , , 
Miss, , , , , , 
Loy, , , , , , 
Tiara, , , , , , 
Hank, , , , , , 
Darius, , , , , , 
Celia, , , , , , 
Faustino, , , , , , 
Damien, , , , , , 
Miss, , , , , , 
Dr., , , , , , 
Zora, , , , , , 
Mrs., , , , , , 
Mrs., , , , , , 
Blair, , , , , , 
Myra, , , , , , 
Devonte, , , , , , 
Ana, , , , , , 
Kellie, , , , , , 
Jo, , , , , , 
Ms., , , , , , 
Susana, , , , , , 
Miss, , , , , , 
Mr., , , , , , 
Diana, , , , , , 
Mr., , , , , , 
Mrs., , , , , , 
Ronaldo, , , , , , 
Clark, , , , , , 
Dr., , , , , , 
Ilene, , , , , , 
Dr., , , , , , 
Winfield, , , , , , 
Jadon, , , , , , 
Dr., , , , , , 
Margarette, , , , , , 
Arielle, , , , , , 
Mrs., , , , , , 
Miss, , , , , , 
Jade, , , , , , 
Miss, , , , , , 
Ms., , , , , , 
Kolby, , , , , , 
Tianna, , , , , , 
Marianne, , , , , , 
Mollie, , , , , , 
Ms., , , , , , 
Boris, , , , , , 
Miss, , , , , , 
Ms., , , , , , 
Ms., , , , , , 
Loren, , , , , , 
Alberto, , , , , , 
Mr., , , , , , 
Eric, , , , , , 
Roscoe, , , , , , 
Taurean, , , , , , 
Ms., , , , , , 
Deborah, , , , , , 
Mrs., , , , , , 
Breana, , , , , , 
Audrey, , , , , , 
Mr., , , , , , 
Ettie, , , , , , 
Forrest, , , , , , 
Miss, , , , , , 
Darrion, , , , , , 
Ms., , , , , , 
Dr., , , , , , 
Anika, , , , , , 
Eleazar, , , , , , 
Kody, , , , , , 
Mrs., , , , , , 
Ms., , , , , , 
Adrain, , , , , , 
Dr., , , , , , 
Mrs., , , , , , 
Hadley, , , , , , 
Nadia, , , , , , 
Eldridge, , , , , , 
Mrs., , , , , , 
Troy, , , , , , 
Maci, , , , , , 
Miss, , , , , , 
Bart, , , , , , 
Dr., , , , , , 
Juliana, , , , , , 
Edna, , , , , , 
Marlee, , , , , , 
Dr., , , , , , 
Jack, , , , , , 
Derick, , , , , , 
Mrs., , , , , , 
Ona, , , , , , 
Valentin, , , , , , 
Barrett, , , , , , 
Kattie, , , , , , 
Eldred, , , , , , 
Hulda, , , , , , 
Bud, , , , , , 
Miss, , , , , , 
Alexys, , , , , , 
Dr., , , , , , 
Ulices, , , , , , 
Faye, , , , , , 
Mrs., , , , , , 
Simeon, , , , , , 
Miss, , , , , , 
Dr., , , , , , 
Charley, , , , , , 
Izaiah, , , , , , 
Reggie, , , , , , 
Eloise, , , , , , 
Angus, , , , , , 
Miss, , , , , , 
Burdette, , , , , , 
Jayden, , , , , , 
Clement, , , , , , 
Nakia, , , , , , 
Ozella, , , , , , 
Kimberly, , , , , , 
Dangelo, , , , , , 
Deshaun, , , , , , 
Mr., , , , , , 
Shayne, , , , , , 
Mrs., , , , , , 
Sheridan, , , , , , 
Winnifred, , , , , , 
Mrs., , , , , , 
Pierre, , , , , , 
Stephen, , , , , , 
Allie, , , , , , 
Austen, , , , , , 
Cody, , , , , , 
Cyril, , , , , , 
Mrs., , , , , , 
Everett, , , , , , 
Zechariah, , , , , , 
Javon, , , , , , 
Ms., , , , , , 
Miss, , , , , , 
Mrs., , , , , , 
Ernesto, , , , , , 
Ms., , , , , , 
Sadie, , , , , , 
Layne, , , , , , 
Lacey, , , , , , 
Tatum, , , , , , 
Mrs., , , , , , 
Morris, , , , , , 
Marcos, , , , , , 
Brigitte, , , , , , 
Rowland, , , , , , 
Ezra, , , , , , 
Sasha, , , , , , 
Peyton, , , , , , 
Ms., , , , , , 
Dr., , , , , , 
Marlee, , , , , , 
Dr., , , , , , 
Ms., , , , , , 
Isai, , , , , , 
Maxime, , , , , , 
Troy, , , , , , 
Dr., , , , , , 
Jadon, , , , , , 
Imelda, , , , , , 
Abbie, , , , , , 
Marian, , , , , , 
Maryjane, , , , , , 
Nathen, , , , , , 
Jesse, , , , , , 
Antonetta, , , , , , 
Mr., , , , , , 
Desmond, , , , , , 
Sim, , , , , , 
Mrs., , , , , , 
Rebeka, , , , , , 
Mandy, , , , , , 
Ralph, , , , , , 
Jacey, , , , , , 
Dr., , , , , , 
Filomena, , , , , , 
Dr., , , , , , 
Levi, , , , , , 
Mrs., , , , , , 
Bernardo, , , , , , 
Green, , , , , , 
Verdie, , , , , , 
Mr., , , , , , 
Lew, , , , , , 
Gustave, , , , , , 
Rene, , , , , , 
Dr., , , , , , 
Stan, , , , , , 
Gideon, , , , , , 
Eden, , , , , , 
Abelardo, , , , , , 
Jerrell, , , , , , 
Domingo, , , , , , 
Miss, , , , , , 
Deonte, , , , , , 
Jamel, , , , , , 
Kelsi, , , , , , 
Shad, , , , , , 
Miss, , , , , , 
Gordon, , , , , , 
Ms., , , , , , 
Reginald, , , , , , 
Willow, , , , , , 
Chester, , , , , , 
Leon, , , , , , 
Mrs., , , , , , 
Antwan, , , , , , 
Bonnie, , , , , , 
Domenico, , , , , , 
Maryse, , , , , , 
Ms., , , , , , 
Ms., , , , , , 
Leo, , , , , , 
Mr., , , , , , 
Ms., , , , , , 
Miss, , , , , , 
Dr., , , , , , 
Mrs., , , , , , 
Ervin, , , , , , 
Miss, , , , , , 
Mr., , , , , , 
Dr., , , , , , 
Arianna, , , , , , 
Polly, , , , , , 
Mrs., , , , , , 
Ken, , , , , , 
Miss, , , , , , 
Reymundo, , , , , , 
Hardy, , , , , , 
Berneice, , , , , , 
Alta, , , , , , 
Miss, , , , , , 
Burdette, , , , , , 
Deven, , , , , , 
Jett, , , , , , 
Rose, , , , , , 
Mr., , , , , , 
Lexie, , , , , , 
Santino, , , , , , 
Mylene, , , , , , 
Giovanny, , , , , , 
Zakary, , , , , , 
Hoyt, , , , , , 
Miss, , , , , , 
Ms., , , , , , 
Ronaldo, , , , , , 
Ashleigh, , , , , , 
Wanda, , , , , , 
Mrs., , , , , , 
Mrs., , , , , , 
Hattie, , , , , , 
Loraine, , , , , , 
Braulio, , , , , , 
Ms., , , , , , 
Frederick, , , , , , 
Claire, , , , , , 
Jaylin, , , , , , 
Bryon, , , , , , 
Stacey, , , , , , 
Alfredo, , , , , , 
Rudolph, , , , , , 
Ms., , , , , , 
Dessie, , , , , , 
Mrs., , , , , , 
Dr., , , , , , 
Mr., , , , , , 
Mr., , , , , , 
Dr., , , , , , 
Nikko, , , , , , 
Dr., , , , , , 
Damon, , , , , , 
Elta, , , , , , 
Eden, , , , , , 
Reina, , , , , , 
Frank, , , , , , 
Salvador, , , , , , 
Monte, , , , , , 
Mr., , , , , , 
Idella, , , , , , 
Karl, , , , , , 
Mr., , , , , , 
Miss, , , , , , 
Jaylen, , , , , , 
Bonnie, , , , , , 
Katarina, , , , , , 
Nicholas, , , , , , 
Dr., , , , , , 
Ms., , , , , , 
Stacey, , , , , , 
Eloise, , , , , , 
Emely, , , , , , 
Mr., , , , , , 
Devyn, , , , , , 
Rudy, , , , , , 
Marianne, , , , , , 
Josephine, , , , , , 
Rosalind, , , , , , 
Victoria, , , , , , 
Dr., , , , , , 
Chasity, , , , , , 
Emilia, , , , , , 
Jamal, , , , , , 
Alec, , , , , , 
Dr., , , , , , 
Vita, , , , , , 
Elsie, , , , , , 
Mr., , , , , , 
Douglas, , , , , , 
Mr., , , , , , 
Dr., , , , , , 
Dr., , , , , , 
Mrs., , , , , , 
Mr., , , , , , 
Hershel, , , , , , 
Vena, , , , , , 
Mr., , , , , , 
Catalina, , , , , , 
Wilson, , , , , , 
Maybelle, , , , , , 
Kellen, , , , , , 
Ms., , , , , , 
Dr., , , , , , 
Willow, , , , , , 
Ms., , , , , , 
Miss, , , , , , 
Izabella, , , , , , 
Jewel, , , , , , 
Ezekiel, , , , , , 
Eriberto, , , , , , 
Torrey, , , , , , 
Olen, , , , , , 
Johnathan, , , , , , 
Hassan, , , , , , 
Llewellyn, , , , , , 
Webster, , , , , , 
Francis, , , , , , 
Dasia, , , , , , 
Bruce, , , , , , 
Miss, , , , , , 
Salvador, , , , , , 
Trent, , , , , , 
Donnie, , , , , , 
Miss, , , , , , 
Mr., , , , , , 
Celestino, , , , , , 
Alfreda, , , , , , 
Geovany, , , , , , 
Mrs., , , , , , 
Jairo, , , , , , 
Deon, , , , , , 
Warren, , , , , , 
Mr., , , , , , 
General, , , , , , 
Nicolette, , , , , , 
Jenifer, , , , , , 
Toy, , , , , , 
Domingo, , , , , , 
Mrs., , , , , , 
Dr., , , , , , 
Fernando, , , , , , 
Ms., , , , , , 
Mrs., , , , , , 
Mrs., , , , , , 
Andre, , , , , , 
Dr., , , , , , 
Ahmed, , , , , , 
Mr., , , , , , 
Macie, , , , , , 
Mrs., , , , , , 
Dr., , , , , , 
Miss, , , , , , 
Nedra, , , , , , 
Myrna, , , , , , 
Ms., , , , , , 
Katlyn, , , , , , 
Hilton, , , , , , 
Mrs., , , , , , 
Mrs., , , , , , 
Dr., , , , , , 
Mrs., , , , , , 
Mr., , , , , , 
Mrs., , , , , , 
Sandy, , , , , , 
Cullen, , , , , , 
Teresa, , , , , , 
Urban, , , , , , 
Mr., , , , , , 
Celestino, , , , , , 
Dariana, , , , , , 
Ms., , , , , , 
Alfredo, , , , , , 
Gerda, , , , , , 
Ella, , , , , , 
Meggie, , , , , , 
Mr., , , , , , 
Dr., , , , , , 
Jeffrey, , , , , , 
Mrs., , , , , , 
Miss, , , , , , 
Mrs., , , , , , 
Mr., , , , , , 
Ms., , , , , , 
Stuart, , , , , , 
Ramiro, , , , , , 
Marie, , , , , , 
Albina, , , , , , 
Rebecca, , , , , , 
Hollie, , , , , , 
Samir, , , , , , 
Miss, , , , , , 
Dr., , , , , , 
Winston, , , , , , 
Mrs., , , , , , 
Ms., , , , , , 
Nikki, , , , , , 
Erwin, , , , , , 
Dr., , , , , , 
Sterling, , , , , , 
Dr., , , , , , 
Ms., , , , , , 
Desiree, , , , , , 
Ms., , , , , , 
Tod, , , , , , 
Mr., , , , , , 
Mr., , , , , , 
Earlene, , , , , , 
Jazlyn, , , , , , 
Coty, , , , , , 
Ilene, , , , , , 
Eleazar, , , , , , 
Murray, , , , , , 
Vincenzo, , , , , , 
Ms., , , , , , 
Miss, , , , , , 
Bridgette, , , , , , 
Alexandro, , , , , , 
Mercedes, , , , , , 
Lyric, , , , , , 
Domenick, , , , , , 
Aida, , , , , , 
Mr., , , , , , 
Emerald, , , , , , 
Lonie, , , , , , 
Dr., , , , , , 
Dorothea, , , , , , 
Rosemary, , , , , , 
Milton, , , , , , 
Emmitt, , , , , , 
Raegan, , , , , , 
Mr., , , , , , 
Rene, , , , , , 
Leora, , , , , , 
Samanta, , , , , , 
Ms., , , , , , 
Rhoda, , , , , , 
Cyril, , , , , , 
Ms., , , , , , 
Waldo, , , , , , 
Mr., , , , , , 
Haley, , , , , , 
Blaze, , , , , , 
Devonte, , , , , , 
Miss, , , , , , 
Devan, , , , , , 
Jean, , , , , , 
Adam, , , , , , 
Enos, , , , , , 
Schuyler, , , , , , 
Nasir, , , , , , 
Brenda, , , , , , 
Nathen, , , , , , 
Maximillian, , , , , , 
Santino, , , , , , 
Rachel, , , , , , 
Mrs., , , , , , 
Dr., , , , , , 
Greyson, , , , , , 
Ms., , , , , , 
Lincoln, , , , , , 
Aileen, , , , , , 
Ms., , , , , , 
Rosina, , , , , , 
Miss, , , , , , 
Parker, , , , , , 
Mr., , , , , , 
Kelly, , , , , , 
Sarai, , , , , , 
Alisa, , , , , , 
Hanna, , , , , , 
Dr., , , , , , 
Jairo, , , , , , 
Wilhelmine, , , , , , 
America, , , , , , 
Kale, , , , , , 
Shakira, , , , , , 
Miss, , , , , , 
Princess, , , , , , 
Aylin, , , , , , 
Rebeca, , , , , , 
Judah, , , , , , 
Victor, , , , , , 
Jake, , , , , , 
Toni, , , , , , 
Dr., , , , , , 
Mr., , , , , , 
Heather, , , , , , 
Dr., , , , , , 
Myrtle, , , , , , 
Dave, , , , , , 
Ms., , , , , , 
Ricky, , , , , , 
Miss, , , , , , 
Boyd, , , , , , 
Annabel, , , , , , 
Emmett, , , , , , 
Dudley, , , , , , 
Jaeden, , , , , , 
Graham, , , , , , 
Hannah, , , , , , 
Mrs., , , , , , 
Jerel, , , , , , 
Rogelio, , , , , , 
Rosalind, , , , , , 
Arlene, , , , , , 
Reba, , , , , , 
Elinore, , , , , , 
Meggie, , , , , , 
Ms., , , , , , 
Gaston, , , , , , 
Elda, , , , , , 
Liam, , , , , , 
Alexandrea, , , , , , 
Anabel, , , , , , 
Madaline, , , , , , 
Ms., , , , , , 
Arden, , , , , , 
Miss, , , , , , 
Dr., , , , , , 
Miss, , , , , , 
Layla, , , , , , 
Dr., , , , , , 
Mr., , , , , , 
Dr., , , , , , 
Miss, , , , , , 
Kenneth, , , , , , 
Icie, , , , , , 
Dr., , , , , , 
Miss, , , , , , 
Ms., , , , , , 
Mr., , , , , , 
Skyla, , , , , , 
Isaias, , , , , , 
Enoch, , , , , , 
Jayme, , , , , , 
Malika, , , , , , 
Mr., , , , , , 
Mrs., , , , , , 
Jarrell, , , , , , 
Ms., , , , , , 
Stella, , , , , , 
Alessandra, , , , , , 
Mrs., , , , , , 
Aaron, , , , , , 
Dr., , , , , , 
Mr., , , , , , 
Mckenna, , , , , , 
Oral, , , , , , 
Javonte, , , , , , 
Mrs., , , , , , 
Arvilla, , , , , , 
Lindsay, , , , , , 
Lindsey, , , , , , 
Elyssa, , , , , , 
Blaise, , , , , , 
Miss, , , , , , 
Judah, , , , , , 
Burnice, , , , , , 
Kayla, , , , , , 
Darrell, , , , , , 
Abagail, , , , , , 
Juston, , , , , , 
Joaquin, , , , , , 
Albertha, , , , , , 
Ms., , , , , , 
Nick, , , , , , 
Dr., , , , , , 
Dr., , , , , , 
Miss, , , , , , 
Mrs., , , , , , 
Verner, , , , , , 
Dr., , , , , , 
Mrs., , , , , , 
Raina, , , , , , 
Ms., , , , , , 
Madonna, , , , , , 
Mr., , , , , , 
Tatum, , , , , , 
Jermain, , , , , , 
Adrian, , , , , , 
Lucienne, , , , , , 
Destiny, , , , , , 
Travis, , , , , , 
Amie, , , , , , 
Desmond, , , , , , 
Bailey, , , , , , 
Fae, , , , , , 
Miss, , , , , , 
Skye, , , , , , 
Mr., , , , , , 
Miss, , , , , , 
Gwendolyn, , , , , , 
Miss, , , , , , 
Natalia, , , , , , 
Maryse, , , , , , 
Mariane, , , , , , 
Osborne, , , , , , 
Aimee, , , , , , 
Carol, , , , , , 
Milan, , , , , , 
Sibyl, , , , , , 
Dr., , , , , , 
Damien, , , , , , 
Dr., , , , , , 
Akeem, , , , , , 
Jaren, , , , , , 
Ari, , , , , , 
Miss, , , , , , 
Janiya, , , , , , 
Isabel, , , , , , 
Mrs., , , , , , 
Edmond, , , , , , 
Cloyd, , , , , , 
Dylan, , , , , , 
Justina, , , , , , 
Helena, , , , , , 
Ms., , , , , , 
Dr., , , , , , 
Mr., , , , , , 
Chester, , , , , , 
Ilene, , , , , , 
Kip, , , , , , 
Patsy, , , , , , 
Ms., , , , , , 
Miss, , , , , , 
Else, , , , , , 
Orval, , , , , , 
Mrs., , , , , , 
Rylee, , , , , , 
Miss, , , , , , 
Florida, , , , , , 
Ms., , , , , , 
Mrs., , , , , , 
Chauncey, , , , , , 
Keshaun, , , , , , 
Granville, , , , , , 
Mrs., , , , , , 
Angel, , , , , , 
Ms., , , , , , 
Blake, , , , , , 
Bridgette, , , , , , 
Torrance, , , , , , 
Miss, , , , , , 
Mr., , , , , , 
Napoleon, , , , , , 
Annabel, , , , , , 
Josefa, , , , , , 
Mrs., , , , , , 
Beverly, , , , , , 
Joaquin, , , , , , 
Dr., , , , , , 
Stephania, , , , , , 
Kale, , , , , , 
Alexzander, , , , , , 
Mrs., , , , , , 
Mariela, , , , , , 
Felicita, , , , , , 
Miss, , , , , , 
Virginie, , , , , , 
Meta, , , , , , 
Dr., , , , , , 
Mrs., , , , , , 
Mr., , , , , , 
Ola, , , , , , 
Dr., , , , , , 
Liliane, , , , , , 
Ms., , , , , , 
Vena, , , , , , 
Dr., , , , , , 
Ms., , , , , , 
Ms., , , , , , 
Dr., , , , , , 
Delphine, , , , , , 
Garett, , , , , , 
Ova, , , , , , 
Tatyana, , , , , , 
Alexane, , , , , , 
Dr., , , , , , 
Creola, , , , , , 
Mrs., , , , , , 
Lorenzo, , , , , , 
Zachery, , , , , , 
Elenora, , , , , , 
Mrs., , , , , , 
Jadon, , , , , , 
Miss, , , , , , 
Mr., , , , , , 
Keagan, , , , , , 
Mrs., , , , , , 
Miss, , , , , , 
Abraham, , , , , , 
Benjamin, , , , , , 
Dr., , , , , , 
Muriel, , , , , , 
Mr., , , , , , 
Mr., , , , , , 
Miss, , , , , , 
Jovani, , , , , , 
Dock, , , , , , 
Oran, , , , , , 
Golda, , , , , , 
Alexander, , , , , , 
Bud, , , , , , 
Demetrius, , , , , , 
Ms., , , , , , 
Raheem, , , , , , 
Claudine, , , , , , 
Mohammed, , , , , , 
Dr., , , , , , 
Desmond, , , , , , 
Mrs., , , , , , 
Daryl, , , , , , 
Mr., , , , , , 
Mrs., , , , , , 
Miss, , , , , , 
Mr., , , , , , 
Justus, , , , , , 
Webster, , , , , , 
Dorothy, , , , , , 
Dr., , , , , , 
Chad, , , , , , 
Miss, , , , , , 
Miss, , , , , , 
Ellie, , , , , , 
Catharine, , , , , , 
Mrs., , , , , , 
Dr., , , , , , 
Mrs., , , , , , 
Kasandra, , , , , , 
Maximillia, , , , , , 
Marjolaine, , , , , , 
Margret, , , , , , 
Glen, , , , , , 
Lester, , , , , , 
Lacy, , , , , , 
Darryl, , , , , , 
Mikayla, , , , , , 
Mariano, , , , , , 
Janice, , , , , , 
Marcelo, , , , , , 
Ubaldo, , , , , , 
Jeanette, , , , , , 
Rigoberto, , , , , , 
Annette, , , , , , 
Orland, , , , , , 
Katheryn, , , , , , 
Sophia, , , , , , 
Ulises, , , , , , 
Ariane, , , , , , 
Gabe, , , , , , 
Casper, , , , , , 
Mr., , , , , , 
Wallace, , , , , , 
Dr., , , , , , 
Aletha, , , , , , 
Dr., , , , , , 
Ms., , , , , , 
Miss, , , , , , 
Adah, , , , , , 
Cleo, , , , , , 
Ms., , , , , , 
Cecilia, , , , , , 
Dejuan, , , , , , 
Emely, , , , , , 
Quentin, , , , , , 
Dessie, , , , , , 
Mrs., , , , , , 
Miss, , , , , , 
Jeffry, , , , , , 
Vito, , , , , , 
Alexandrine, , , , , , 
Jordi, , , , , , 
Daniella, , , , , , 
Miss, , , , , , 
Dr., , , , , , 
Josiane, , , , , , 
Vivien, , , , , , 
Cassie, , , , , , 
Jarret, , , , , , 
Emmanuel, , , , , , 
Faustino, , , , , , 
Johnathon, , , , , , 
Dr., , , , , , 
Amie, , , , , , 
Rashad, , , , , , 
Miss, , , , , , 
Otha, , , , , , 
Mr., , , , , , 
Birdie, , , , , , 
Lawrence, , , , , , 
Jaida, , , , , , 
Dr., , , , , , 
Rosetta, , , , , , 
Eloy, , , , , , 
Mrs., , , , , , 
Kacey, , , , , , 
Dusty, , , , , , 
Aylin, , , , , , 
Richie, , , , , , 
Eugene, , , , , , 
Dimitri, , , , , , 
Miss, , , , , , 
Kirsten, , , , , , 
Miss, , , , , , 
Gilda, , , , , , 
Ms., , , , , , 
Christop, , , , , , 
Alex, , , , , , 
Josiane, , , , , , 
Kailey, , , , , , 
Dr., , , , , , 
Savion, , , , , , 
Andres, , , , , , 
Ana, , , , , , 
Kira, , , , , , 
Miss, , , , , , 
Kayley, , , , , , 
Ardella, , , , , , 
Dr., , , , , , 
Laron, , , , , , 
Dan, , , , , , 
Alford, , , , , , 
Douglas, , , , , , 
Kylee, , , , , , 
Angelita, , , , , , 
Ms., , , , , , 
Miss, , , , , , 
Dr., , , , , , 
Miss, , , , , , 
Mrs., , , , , , 
Murl, , , , , , 
Armani, , , , , , 
Jana, , , , , , 
Jay, , , , , , 
Lonzo, , , , , , 
Eugene, , , , , , 
Edyth, , , , , , 
Dr., , , , , , 
Deondre, , , , , , 
Mr., , , , , , 
Forest, , , , , , 
Keara, , , , , , 
Clementina, , , , , , 
Meaghan, , , , , , 
Cindy, , , , , , 
Terrance, , , , , , 
Dr., , , , , , 
Mr., , , , , , 
Miss, , , , , , 
Tessie, , , , , , 
Dante, , , , , , 
Justyn, , , , , , 
Bettie, , , , , , 
Madge, , , , , , 
Benton, , , , , , 
Tyler, , , , , , 
Ms., , , , , , 
Vella, , , , , , 
Robyn, , , , , , 
Vern, , , , , , 
Nedra, , , , , , 
Ernest, , , , , , 
Maximo, , , , , , 
Miss, , , , , , 
Dr., , , , , , 
Mr., , , , , , 
Greyson, , , , , , 
Ms., , , , , , 
June, , , , , , 
Austin, , , , , , 
Annetta, , , , , , 
Garland, , , , , , 
Miss, , , , , , 
Mr., , , , , , 
Stephen, , , , , , 
Kenyatta, , , , , , 
Otis, , , , , , 
Ms., , , , , , 
Loyal, , , , , , 
Miss, , , , , , 
Dr., , , , , , 
Hank, , , , , , 
Dangelo, , , , , , 
Mrs., , , , , , 
Mrs., , , , , , 
Claude, , , , , , 
Asha, , , , , , 
Miss, , , , , , 
Mr., , , , , , 
Carmella, , , , , , 
Luciano, , , , , , 
Mattie, , , , , , 
Deondre, , , , , , 
Mrs., , , , , , 
Daphnee, , , , , , 
Ms., , , , , , 
Jannie, , , , , , 
Gaetano, , , , , , 
Mr., , , , , , 
Vince, , , , , , 
Brock, , , , , , 
Mr., , , , , , 
Declan, , , , , , 
Ms., , , , , , 
Mr., , , , , , 
Mr., , , , , , 
Dr., , , , , , 
Candace, , , , , , 
Ms., , , , , , 
Roscoe, , , , , , 
Clotilde, , , , , , 
Rosendo, , , , , , 
Viola, , , , , , 
Gaylord, , , , , , 
Miss, , , , , , 
Mandy, , , , , , 
Cornelius, , , , , , 
Naomi, , , , , , 
Mrs., , , , , , 
Trinity, , , , , , 
Chandler, , , , , , 
Mrs., , , , , , 
Beaulah, , , , , , 
Dr., , , , , , 
Alexanne, , , , , , 
Mrs., , , , , , 
William, , , , , , 
Gaston, , , , , , 
Alexander, , , , , , 
Tyrique, , , , , , 
Golden, , , , , , 
Fae, , , , , , 
Bette, , , , , , 
Miss, , , , , , 
Dr., , , , , , 
Hulda, , , , , , 
Dr., , , , , , 
Ms., , , , , , 
Kole, , , , , , 
Mr., , , , , , 
Moshe, , , , , , 
Sister, , , , , , 
Pattie, , , , , , 
Dolly, , , , , , 
Mr., , , , , , 
Miss, , , , , , 
Ms., , , , , , 
Dr., , , , , , 
Joyce, , , , , , 
Yesenia, , , , , , 
Micheal, , , , , , 
Mr., , , , , , 
Cali, , , , , , 
Harmony, , , , , , 
Mrs., , , , , , 
Stevie, , , , , , 
Miss, , , , , , 
Wilhelm, , , , , , 
Ms., , , , , , 
Mrs., , , , , , 
Carmel, , , , , , 
Ari, , , , , , 
Mr., , , , , , 
Lacey, , , , , , 
Marcus, , , , , , 
Novella, , , , , , 
Ms., , , , , , 
Katelynn, , , , , , 
Mrs., , , , , , 
Steve, , , , , , 
Edgar, , , , , , 
Owen, , , , , , 
Ms., , , , , , 
Maurice, , , , , , 
Gerson, , , , , , 
Mrs., , , , , , 
Myles, , , , , , 
Sim, , , , , , 
Dr., , , , , , 
Mrs., , , , , , 
Ms., , , , , , 
Mrs., , , , , , 
Dr., , , , , , 
Arnaldo, , , , , , 
Miss, , , , , , 
Nico, , , , , , 
Ms., , , , , , 
Paxton, , , , , , 
Micheal, , , , , , 
Leatha, , , , , , 
Mrs., , , , , , 
Ms., , , , , , 
Mrs., , , , , , 
Benton, , , , , , 
Lori, , , , , , 
Miss, , , , , , 
Darrion, , , , , , 
Ms., , , , , , 
Wiley, , , , , , 
Ms., , , , , , 
Ms., , , , , , 
Kaden, , , , , , 
Rhiannon, , , , , , 
Ettie, , , , , , 
Mr., , , , , , 
Ms., , , , , , 
Gracie, , , , , , 
Mrs., , , , , , 
Rhoda, , , , , , 
Mr., , , , , , 
Dr., , , , , , 
Mr., , , , , , 
Miss, , , , , , 
Bette, , , , , , 
Alessandra, , , , , , 
Dr., , , , , , 
Rhoda, , , , , , 
Dr., , , , , , 
Miss, , , , , , 
Mrs., , , , , , 
Miller, , , , , , 
Emelie, , , , , , 
Fernando, , , , , , 
Orie, , , , , , 
Kayden, , , , , , 
Mrs., , , , , , 
Riley, , , , , , 
Miss, , , , , , 
Mrs., , , , , , 
Cierra, , , , , , 
Joseph, , , , , , 
Hosea, , , , , , 
Mrs., , , , , , 
Marisa, , , , , , 
Vidal, , , , , , 
Mrs., , , , , , 
Donnell, , , , , , 
Mr., , , , , , 
Violette, , , , , , 
Mr., , , , , , 
Aletha, , , , , , 
Ms., , , , , , 
Mrs., , , , , , 
Morton, , , , , , 
Abigail, , , , , , 
Mrs., , , , , , 
Mrs., , , , , , 
Dr., , , , , , 
Patsy, , , , , , 
Ms., , , , , , 
Mario, , , , , , 
Audrey, , , , , , 
Stacey, , , , , , 
Guy, , , , , , 
Jarret, , , , , , 
Cooper, , , , , , 
Mr., , , , , , 
Marcella, , , , , , 
Ms., , , , , , 
Miss, , , , , , 
Amara, , , , , , 
Mr., , , , , , 
Davonte, , , , , , 
Kenyon, , , , , , 
Kieran, , , , , , 
Kasey, , , , , , 
Jace, , , , , , 
Ken, , , , , , 
Fermin, , , , , , 
Mathias, , , , , , 
Crystel, , , , , , 
Marjorie, , , , , , 
Betsy, , , , , , 
Dr., , , , , , 
Dakota, , , , , , 
Beulah, , , , , , 
Nia, , , , , , 
Emerson, , , , , , 
Mr., , , , , , 
Melvin, , , , , , 
Leonardo, , , , , , 
Angie, , , , , , 
Dr., , , , , , 
Alyson, , , , , , 
Kristin, , , , , , 
Pansy, , , , , , 
Adriel, , , , , , 
Berry, , , , , , 
Tamia, , , , , , 
Gabrielle, , , , , , 
Cristal, , , , , , 
Mr., , , , , , 
Manuela, , , , , , 
Susanna, , , , , , 
Berry, , , , , , 
Dr., , , , , , 
Cassidy, , , , , , 
Dr., , , , , , 
Bernard, , , , , , 
Mrs., , , , , , 
Dr., , , , , , 
Georgette, , , , , , 
Mr., , , , , , 
Mrs., , , , , , 
Magnus, , , , , , 
Lazaro, , , , , , 
Mr., , , , , , 
Dr., , , , , , 
Georgiana, , , , , , 
Una, , , , , , 
Orion, , , , , , 
Korey, , , , , , 
Ms., , , , , , 
Dr., , , , , , 
Tamara, , , , , , 
Boris, , , , , , 
Dr., , , , , , 
Joaquin, , , , , , 
Oleta, , , , , , 
Sanford, , , , , , 
Roslyn, , , , , , 
Jennings, , , , , , 
Isaac, , , , , , 
Mrs., , , , , , 
Destin, , , , , , 
Carolyn, , , , , , 
Miss, , , , , , 
Bo, , , , , , 
Derek, , , , , , 
Sylvia, , , , , , 
Ms., , , , , , 
Omer, , , , , , 
Selena, , , , , , 
Miss, , , , , , 
Ms., , , , , , 
Ms., , , , , , 
Miss, , , , , , 
Otto, , , , , , 
Ms., , , , , , 
Ms., , , , , , 
Miss, , , , , , 
Taurean, , , , , , 
Landen, , , , , , 
Miss, , , , , , 
Miss, , , , , , 
Jacinto, , , , , , 
Miss, , , , , , 
Delores, , , , , , 
Dusty, , , , , , 
Dr., , , , , , 
Dustin, , , , , , 
Neil, , , , , , 
Dr., , , , , , 
Jose, , , , , , 
Miss, , , , , , 
Linwood, , , , , , 
Pamela, , , , , , 
Alda, , , , , , 
Brycen, , , , , , 
Morris, , , , , , 
Mrs., , , , , , 
Mrs., , , , , , 
Ms., , , , , , 
Mack, , , , , , 
Janessa, , , , , , 
Jaren, , , , , , 
Rudy, , , , , , 
Wallace, , , , , , 
Pearline, , , , , , 
Alverta, , , , , , 
Mr., , , , , , 
Jon, , , , , , 
Mr., , , , , , 
Helena, , , , , , 
Ms., , , , , , 
Travon, , , , , , 
Peggie, , , , , , 
Evelyn, , , , , , 
Ms., , , , , , 
Maida, , , , , , 
Lucile, , , , , , 
Delilah, , , , , , 
